Date,PM2.5,PM10,NO,NO2,NOx,NH3,CO,SO2,O3,Benzene,Toluene,Xylene,AQI,AQI_Bucket
2020-01-01,457.8,316.1,114.4,88.3,81.9,42.9,7.43,35.3,94.9,2.58,3.18,7.04,311.3,Very Poor
2020-01-02,171.9,110.6,36.1,87.6,67.7,2.7,3.39,4.5,188.4,8.45,3.86,7.14,418.2,Moderate
2020-01-03,54.5,342.8,110.8,86.6,172.9,47.7,1.88,89.2,72.8,6.44,21.79,9.07,381.8,Satisfactory
2020-01-04,360.7,467.9,101.5,92.5,45.9,12.0,5.44,62.8,178.4,5.48,15.48,5.77,89.6,Poor
2020-01-05,299.4,90.7,188.0,111.4,78.4,37.9,9.41,6.9,58.4,15.91,20.8,4.23,232.2,Good
2020-01-06,285.6,166.9,40.3,149.3,191.0,1.0,5.89,34.8,24.9,13.84,29.78,8.13,117.5,Very Poor
2020-01-07,134.1,397.9,10.8,35.6,126.6,28.0,6.94,58.6,108.7,11.08,9.02,1.2,251.6,Moderate
2020-01-08,490.5,43.3,108.2,9.9,80.9,43.0,7.18,88.1,105.9,0.13,13.71,4.69,267.4,Severe
2020-01-09,99.3,75.8,127.8,86.2,34.1,44.3,2.6,1.0,135.8,4.21,7.53,9.67,159.7,Poor
2020-01-10,169.3,141.1,186.6,63.0,140.1,38.0,4.26,15.3,68.8,3.53,3.38,3.98,252.9,Good
2020-01-11,212.1,505.5,113.2,62.4,109.2,12.6,1.82,18.6,26.9,12.58,4.82,8.5,447.0,Poor
2020-01-12,170.6,463.1,166.1,86.4,65.1,3.6,4.54,5.3,129.8,1.17,3.81,2.72,73.5,Very Poor
2020-01-13,418.7,504.4,123.7,113.3,116.1,39.1,2.97,25.9,171.1,3.58,6.57,8.27,246.0,Moderate
2020-01-14,185.1,38.3,99.3,142.4,229.7,22.7,3.68,18.2,114.2,2.41,10.03,1.35,234.9,Moderate
2020-01-15,299.4,143.8,123.3,108.6,9.8,23.9,8.98,47.8,7.2,6.07,20.43,1.06,447.4,Moderate
2020-01-16,282.9,337.1,173.6,81.2,188.8,42.8,4.36,65.5,127.5,11.66,16.93,6.71,169.8,Moderate
2020-01-17,480.0,247.8,12.3,139.5,54.6,1.4,6.95,50.2,42.3,9.98,16.45,0.34,211.4,Very Poor
2020-01-18,263.3,391.3,5.3,142.9,175.7,19.5,1.27,30.2,3.9,19.26,3.11,0.47,312.6,Moderate
2020-01-19,285.7,308.5,187.3,111.5,246.1,1.2,3.92,48.9,62.9,1.58,29.11,8.38,366.6,Moderate
2020-01-20,469.2,216.3,129.1,1.7,149.4,10.1,2.89,59.7,120.9,1.62,10.42,5.93,439.4,Moderate
2020-01-21,390.7,210.1,70.0,118.3,124.0,20.1,5.35,56.3,169.6,6.98,6.45,0.86,63.6,Moderate
2020-01-22,74.0,411.2,21.4,142.2,165.0,39.6,7.85,75.7,91.3,6.49,1.83,2.0,63.3,Very Poor
2020-01-23,401.9,318.7,110.3,63.0,73.4,48.7,5.53,93.3,66.4,7.44,8.07,2.09,189.6,Severe
2020-01-24,339.2,305.6,194.2,19.1,221.9,28.6,1.24,51.3,187.7,15.8,19.27,9.51,43.9,Satisfactory
2020-01-25,192.0,321.9,55.5,18.2,59.9,47.2,1.1,77.4,20.6,16.41,13.41,6.32,377.0,Moderate
2020-01-26,463.6,484.1,116.9,19.9,118.8,40.4,2.87,59.5,24.6,7.58,11.95,2.19,307.7,Good
2020-01-27,398.9,512.1,45.6,20.0,180.0,8.8,7.44,88.5,89.2,19.59,26.16,0.68,293.4,Satisfactory
2020-01-28,32.9,425.3,33.6,43.0,48.5,15.1,4.16,53.0,133.8,7.08,3.31,7.5,16.7,Very Poor
2020-01-29,225.9,282.9,45.9,126.9,164.1,43.8,6.85,13.6,80.5,5.25,11.31,5.33,0.5,Poor
2020-01-30,126.9,581.5,142.3,105.0,155.8,24.5,8.14,20.7,71.2,14.44,19.1,1.32,242.4,Good
2020-01-31,307.6,202.3,165.2,9.9,222.6,37.6,2.84,72.1,62.1,18.63,29.23,1.81,440.2,Good
2020-02-01,110.8,359.5,128.9,48.3,42.0,13.0,8.81,79.9,108.5,12.44,1.9,3.8,16.9,Good
2020-02-02,153.5,479.9,120.8,85.6,211.2,31.4,0.49,59.2,124.1,19.44,15.76,7.78,347.2,Poor
2020-02-03,14.8,307.8,161.8,28.8,6.5,32.9,9.24,27.6,154.8,15.03,24.87,5.83,472.4,Moderate
2020-02-04,491.4,169.3,46.3,47.9,32.2,23.6,5.93,49.6,106.6,1.68,7.25,2.66,247.3,Very Poor
2020-02-05,99.5,88.4,173.5,53.0,66.4,23.4,9.5,2.6,162.4,5.21,9.95,4.24,454.8,Poor
2020-02-06,272.0,157.9,98.0,106.8,16.0,34.3,2.37,65.9,45.8,0.78,13.77,6.52,401.8,Good
2020-02-07,285.3,547.4,160.7,21.2,210.2,31.4,7.85,10.1,69.5,13.04,26.08,4.29,366.1,Satisfactory
2020-02-08,149.6,402.2,27.8,48.1,203.7,11.2,7.11,87.5,198.5,14.32,20.01,5.45,66.6,Moderate
2020-02-09,148.8,87.0,183.9,94.9,65.2,19.3,7.5,33.3,42.7,8.08,22.89,2.36,381.7,Very Poor
2020-02-10,284.8,559.9,163.5,122.5,114.6,27.9,0.26,54.7,150.6,15.6,17.39,7.77,346.4,Severe
2020-02-11,202.0,184.9,69.6,17.5,100.2,3.5,2.42,77.0,154.1,1.97,24.45,9.02,96.2,Very Poor
2020-02-12,439.1,528.1,85.6,59.0,207.8,22.0,6.67,7.8,55.9,5.04,14.66,6.11,263.0,Very Poor
2020-02-13,460.2,18.2,92.8,71.4,99.2,17.0,5.85,61.9,49.9,10.34,7.29,7.86,192.9,Satisfactory
2020-02-14,103.3,255.6,180.8,68.4,115.0,34.4,2.69,26.3,175.5,9.25,20.09,6.62,43.6,Satisfactory
2020-02-15,283.2,343.0,50.7,128.2,61.7,9.8,5.85,16.4,130.0,6.29,10.31,5.42,236.0,Very Poor
2020-02-16,178.5,358.4,90.9,64.1,36.7,16.4,9.2,79.7,153.9,0.04,27.09,0.37,21.1,Good
2020-02-17,19.6,430.0,9.6,74.9,32.1,23.0,0.92,4.8,95.7,8.51,7.14,7.43,423.4,Severe
2020-02-18,273.5,188.3,42.1,85.7,225.2,2.1,9.94,9.6,156.5,13.9,12.0,3.59,262.8,Satisfactory
2020-02-19,110.2,467.9,56.9,34.5,37.9,11.8,0.77,31.7,79.4,12.47,13.32,7.21,10.1,Severe
2020-02-20,66.5,289.0,77.7,109.8,213.8,5.6,0.4,14.8,186.9,17.05,23.88,9.45,160.3,Moderate
2020-02-21,55.0,65.1,22.4,119.3,68.1,20.2,1.07,85.8,5.2,17.86,16.5,7.54,157.4,Good
2020-02-22,256.7,528.0,27.9,44.8,236.6,23.9,3.41,61.0,30.9,11.7,4.28,2.58,172.1,Very Poor
2020-02-23,331.7,541.5,53.9,50.0,40.4,32.5,7.65,47.1,194.3,16.38,9.04,1.57,434.0,Moderate
2020-02-24,359.6,503.8,115.1,129.0,204.7,39.9,1.02,39.9,0.1,13.42,29.81,2.17,384.1,Good
2020-02-25,149.3,484.0,24.8,7.4,98.6,3.6,1.03,99.4,48.5,9.41,11.48,9.39,249.0,Moderate
2020-02-26,487.8,110.3,117.2,109.6,239.1,10.6,1.89,46.3,128.9,2.5,0.22,7.65,297.2,Moderate
2020-02-27,102.9,383.4,26.0,94.3,236.0,44.3,4.68,22.5,39.7,0.08,21.8,2.95,134.0,Moderate
2020-02-28,293.5,251.4,84.2,22.6,56.5,42.4,6.52,27.4,23.4,0.05,11.23,5.83,110.3,Poor
2020-02-29,278.0,169.0,194.4,111.6,80.9,47.6,8.06,2.2,178.6,12.01,6.42,4.27,315.1,Satisfactory
2020-03-01,45.5,507.5,197.8,85.2,170.5,29.0,2.54,38.6,20.4,8.0,23.21,3.22,312.1,Very Poor
2020-03-02,29.6,308.4,128.8,33.6,88.7,31.5,6.0,86.3,33.3,18.03,3.1,9.13,449.3,Satisfactory
2020-03-03,177.9,329.1,146.3,70.7,113.3,15.6,5.54,47.9,167.4,19.86,9.94,2.88,432.5,Good
2020-03-04,450.7,190.8,71.0,149.0,50.1,15.1,1.63,21.3,21.0,10.9,5.76,5.0,290.7,Good
2020-03-05,244.9,1.6,37.7,12.2,214.4,23.7,6.5,37.5,80.8,3.99,9.04,0.8,115.6,Good
2020-03-06,235.7,449.2,81.2,10.4,126.3,10.7,3.07,30.9,75.3,5.34,23.14,3.47,63.9,Severe
2020-03-07,250.8,575.7,173.2,148.4,227.5,29.6,9.68,54.9,36.8,18.02,12.14,7.7,134.9,Good
2020-03-08,346.0,75.6,166.5,64.4,247.4,28.3,3.18,94.7,173.2,8.74,10.31,8.65,185.2,Good
2020-03-09,204.6,139.5,55.2,115.3,248.6,8.8,8.04,82.7,188.5,1.21,11.37,8.69,280.5,Poor
2020-03-10,420.5,167.9,181.2,135.9,229.3,13.8,9.88,31.3,88.9,16.52,24.87,4.61,209.6,Satisfactory
2020-03-11,1.1,490.8,121.7,12.6,109.4,1.8,8.95,81.9,186.9,4.53,26.96,8.27,348.2,Good
2020-03-12,487.4,177.8,154.4,138.9,105.6,25.9,8.2,62.0,115.1,10.51,16.61,5.84,245.8,Very Poor
2020-03-13,343.7,164.1,83.9,65.9,33.5,18.2,7.31,0.2,161.4,18.02,24.4,3.08,481.0,Satisfactory
2020-03-14,292.2,471.4,7.4,1.7,224.4,24.2,9.81,12.9,42.9,10.06,8.66,3.83,399.9,Good
2020-03-15,336.8,267.3,156.1,94.7,87.0,9.1,9.76,28.9,166.0,9.54,5.4,9.14,333.4,Poor
2020-03-16,44.1,536.3,50.3,17.4,159.5,31.3,8.37,40.9,109.1,7.65,3.73,0.64,470.5,Moderate
2020-03-17,78.6,169.2,137.1,140.1,87.4,4.4,1.36,83.6,152.3,11.54,24.48,2.72,99.6,Very Poor
2020-03-18,51.6,257.0,67.2,46.7,18.3,10.8,3.15,88.5,133.1,14.05,2.24,3.29,494.2,Poor
2020-03-19,184.3,228.0,45.2,146.3,39.0,3.6,7.65,3.9,108.2,12.76,6.1,2.1,16.4,Moderate
2020-03-20,475.8,491.4,113.4,103.4,27.3,10.7,8.34,99.9,188.9,12.55,18.08,4.61,274.8,Moderate
2020-03-21,136.9,319.0,46.6,83.2,115.5,5.3,0.38,62.6,189.6,4.32,11.82,3.99,53.0,Severe
2020-03-22,7.0,261.3,141.0,34.8,115.9,28.0,0.99,33.5,6.5,18.54,7.76,1.31,163.6,Satisfactory
2020-03-23,229.8,593.7,8.1,126.5,99.8,30.3,3.38,86.4,132.9,7.48,19.63,0.47,148.1,Poor
2020-03-24,224.4,539.2,198.6,129.5,154.7,39.0,3.58,21.5,59.6,15.66,23.13,4.49,33.0,Satisfactory
2020-03-25,133.4,159.2,70.1,111.4,24.2,18.1,3.95,79.7,27.0,11.95,6.67,0.58,277.6,Satisfactory
2020-03-26,52.2,203.2,81.7,124.0,21.9,12.5,0.32,62.0,40.3,6.17,2.09,4.48,289.7,Satisfactory
2020-03-27,447.6,165.4,25.8,45.9,181.9,38.6,3.29,67.3,134.8,7.12,3.94,0.36,37.7,Very Poor
2020-03-28,277.7,296.5,61.4,79.6,137.1,11.1,2.95,75.4,64.4,4.93,0.87,1.71,133.6,Satisfactory
2020-03-29,391.5,368.6,57.0,68.1,95.7,20.4,3.91,72.0,133.6,10.63,18.43,4.29,13.4,Moderate
2020-03-30,255.5,506.1,130.7,107.4,130.4,21.0,5.84,1.0,55.0,19.08,12.22,1.88,208.6,Very Poor
2020-03-31,332.9,98.4,41.5,38.6,96.2,35.5,7.08,85.2,69.9,18.23,2.34,5.12,82.2,Satisfactory
2020-04-01,30.7,265.3,167.6,1.5,135.7,13.4,3.37,85.9,14.5,2.18,13.81,3.2,17.3,Severe
2020-04-02,476.8,577.2,196.9,124.6,103.8,17.0,7.3,48.3,162.8,0.48,25.23,7.25,184.8,Good
2020-04-03,41.2,311.9,66.4,145.0,138.3,18.7,3.46,87.6,64.5,7.18,15.5,4.09,67.5,Satisfactory
2020-04-04,433.9,363.3,191.1,132.3,228.4,19.4,3.86,12.2,25.8,6.94,0.24,7.56,152.4,Satisfactory
2020-04-05,0.8,46.4,38.6,65.8,63.6,8.2,2.4,21.6,56.7,7.31,20.48,1.52,17.5,Severe
2020-04-06,333.9,576.3,19.8,128.6,1.2,27.0,8.19,98.8,112.7,5.57,1.32,3.23,258.8,Severe
2020-04-07,410.6,138.3,105.2,76.5,147.7,0.4,6.56,90.8,68.6,18.36,29.69,8.75,25.6,Severe
2020-04-08,347.6,499.3,72.8,55.7,102.1,22.5,8.91,28.2,12.8,16.21,13.34,4.31,448.9,Severe
2020-04-09,114.6,519.5,179.6,100.2,78.7,6.3,7.75,20.6,138.4,10.83,7.74,4.35,75.2,Very Poor
2020-04-10,94.2,45.6,194.3,98.3,103.5,49.3,7.53,62.8,101.2,13.92,29.37,1.24,484.5,Moderate
2020-04-11,268.4,305.4,184.0,38.7,232.3,45.5,0.61,62.1,185.0,7.96,8.53,7.29,170.9,Good
2020-04-12,223.8,561.9,87.1,118.2,45.8,31.7,4.65,51.4,62.4,2.59,27.57,7.5,63.3,Good
2020-04-13,470.9,129.8,143.2,0.2,243.2,36.5,4.53,46.4,147.2,15.18,19.05,5.4,255.4,Severe
2020-04-14,50.8,517.6,39.4,13.3,110.9,4.2,8.69,47.1,163.0,11.15,21.11,1.78,127.7,Very Poor
2020-04-15,304.8,337.2,168.4,80.1,146.0,8.9,9.53,50.4,16.7,5.92,13.49,7.9,23.9,Very Poor
2020-04-16,231.6,261.6,101.1,139.7,182.4,20.4,5.47,54.5,26.4,8.52,9.44,5.74,263.7,Moderate
2020-04-17,111.4,551.0,67.6,27.2,212.0,9.2,0.82,94.4,181.5,11.08,29.63,0.12,292.4,Moderate
2020-04-18,141.7,259.1,89.1,45.1,87.4,26.0,6.34,99.6,198.5,15.95,3.83,9.16,343.0,Severe
2020-04-19,327.5,101.8,66.4,36.6,185.0,49.3,1.75,12.2,182.0,9.04,20.1,7.58,94.9,Satisfactory
2020-04-20,325.9,171.0,152.0,99.3,215.9,47.9,1.88,26.1,126.2,12.18,4.26,8.82,432.3,Very Poor
2020-04-21,207.6,131.6,95.7,122.6,24.5,48.1,1.85,33.3,37.3,9.7,0.94,1.8,144.8,Moderate
2020-04-22,406.6,132.2,96.2,28.8,123.0,6.5,8.74,5.9,174.8,4.8,1.13,9.95,232.7,Good
2020-04-23,403.7,469.5,107.8,83.8,175.0,33.5,5.75,93.9,92.2,8.58,14.42,4.2,286.5,Poor
2020-04-24,374.1,147.0,193.6,18.4,245.8,46.9,6.36,59.4,23.7,16.99,22.15,1.3,495.6,Poor
2020-04-25,297.5,461.7,104.1,130.3,179.1,4.3,8.73,15.7,175.1,16.87,14.05,0.51,44.6,Very Poor
2020-04-26,330.5,520.8,174.9,11.0,43.9,5.8,6.55,32.5,191.2,7.67,13.85,6.81,174.5,Good
2020-04-27,401.8,259.1,188.8,7.8,212.3,37.6,9.55,14.7,189.3,19.19,2.42,9.35,305.3,Very Poor
2020-04-28,73.0,587.5,1.1,48.1,81.5,36.2,6.75,71.0,114.5,18.32,4.77,1.55,104.5,Moderate
2020-04-29,424.2,15.4,34.0,22.0,148.1,24.5,9.97,36.4,177.7,7.92,6.97,6.61,271.0,Moderate
2020-04-30,99.8,567.9,10.4,90.3,32.5,31.7,6.22,64.9,189.8,6.23,15.53,6.32,109.1,Good
2020-05-01,219.3,21.4,117.2,127.5,82.3,44.2,3.27,14.9,99.7,15.52,23.23,4.89,98.4,Satisfactory
2020-05-02,336.0,77.9,71.9,112.3,190.3,27.0,1.79,20.5,143.6,0.48,7.64,2.9,186.2,Good
2020-05-03,325.7,561.4,154.4,41.1,184.3,4.2,0.71,53.1,92.4,1.57,26.38,0.43,122.8,Severe
2020-05-04,254.4,287.6,179.9,143.8,185.7,26.2,8.57,9.9,120.5,19.15,15.54,1.62,28.7,Moderate
2020-05-05,478.9,588.8,127.0,38.4,139.1,29.2,1.48,65.4,29.6,13.38,8.13,2.04,479.9,Very Poor
2020-05-06,328.3,564.3,92.5,115.0,9.0,26.7,0.54,41.2,85.8,9.09,6.32,6.84,336.4,Good
2020-05-07,404.2,244.2,198.8,83.1,216.1,15.6,7.48,30.4,172.7,6.1,5.4,8.61,377.3,Satisfactory
2020-05-08,53.9,218.0,170.1,43.6,221.7,0.4,9.81,8.2,144.5,2.71,11.81,3.34,106.0,Very Poor
2020-05-09,148.4,330.7,146.3,106.6,134.9,44.8,5.74,84.2,162.3,17.91,19.34,2.86,73.4,Satisfactory
2020-05-10,124.1,456.1,95.3,123.2,212.9,46.7,6.95,52.0,177.8,9.32,21.62,2.65,497.4,Satisfactory
2020-05-11,393.4,142.2,10.9,20.5,61.6,0.7,5.85,6.7,112.3,17.89,21.36,7.17,222.6,Very Poor
2020-05-12,491.5,352.9,157.4,139.4,164.4,44.0,2.04,35.0,182.6,18.08,17.54,3.67,272.9,Moderate
2020-05-13,167.5,499.7,70.0,84.2,241.9,42.0,2.65,45.6,25.5,14.06,10.49,9.38,63.9,Severe
2020-05-14,95.9,537.6,134.6,107.0,232.2,44.0,0.11,62.5,175.7,14.81,29.9,0.74,332.1,Severe
2020-05-15,185.2,326.0,101.1,54.3,172.8,38.9,7.21,49.0,193.7,5.96,27.0,6.48,43.2,Very Poor
2020-05-16,331.0,275.3,59.0,10.4,241.7,36.2,0.78,22.5,111.3,6.68,5.5,2.69,260.4,Severe
2020-05-17,193.9,174.6,184.5,95.3,175.7,17.0,6.29,7.0,56.7,11.55,20.86,5.7,55.0,Satisfactory
2020-05-18,363.8,405.7,98.4,103.7,215.1,12.1,9.94,19.2,97.6,9.17,27.37,1.78,308.8,Severe
2020-05-19,225.0,116.2,75.6,40.0,48.1,27.0,7.93,61.7,132.0,10.64,20.03,4.6,13.0,Satisfactory
2020-05-20,270.1,528.4,117.9,2.8,226.0,26.4,4.56,2.3,0.5,15.07,4.26,8.26,429.5,Severe
2020-05-21,485.5,6.8,0.3,0.4,152.7,18.9,8.8,48.3,34.2,5.8,17.59,4.28,186.6,Moderate
2020-05-22,386.1,60.9,183.6,68.7,136.5,8.4,7.83,14.8,128.3,6.09,26.56,5.19,436.5,Good
2020-05-23,8.5,194.7,33.1,81.2,152.2,6.5,7.69,37.7,25.6,19.85,18.73,4.97,175.7,Good
2020-05-24,186.8,377.6,159.6,40.6,156.0,1.0,5.67,26.4,179.3,10.14,25.34,1.26,324.0,Satisfactory
2020-05-25,337.2,206.2,25.2,17.4,197.9,46.3,1.46,91.6,192.4,13.11,29.22,8.13,403.8,Good
2020-05-26,440.2,255.8,154.2,24.1,4.9,42.5,0.82,35.5,48.1,17.53,20.14,1.56,280.5,Very Poor
2020-05-27,381.8,141.5,111.1,92.3,203.8,38.8,3.62,34.6,53.2,0.86,1.69,7.49,236.9,Very Poor
2020-05-28,470.4,65.7,175.1,106.2,167.4,27.5,6.33,1.0,73.7,3.34,23.1,3.58,84.1,Good
2020-05-29,498.2,590.0,148.2,12.2,90.1,44.1,3.08,1.4,150.0,7.66,16.9,7.19,334.6,Satisfactory
2020-05-30,121.5,136.4,183.8,103.7,26.3,39.8,3.83,71.8,85.6,7.39,29.39,3.09,196.3,Good
2020-05-31,47.7,428.5,107.3,55.0,230.8,3.2,2.46,51.9,66.8,4.07,14.26,7.88,112.1,Poor
2020-06-01,83.2,267.9,118.6,46.8,216.3,37.7,9.0,35.0,75.2,14.97,13.96,7.45,232.5,Severe
2020-06-02,210.0,257.9,171.5,41.7,125.8,31.5,9.01,17.7,32.1,17.74,21.97,7.88,411.3,Moderate
2020-06-03,460.2,313.6,33.2,123.8,146.3,17.0,3.24,5.6,41.7,11.46,29.9,4.1,107.3,Satisfactory
2020-06-04,482.4,359.8,17.2,145.5,240.7,9.0,7.6,44.1,87.7,16.39,12.12,4.75,307.9,Severe
2020-06-05,53.4,82.9,122.4,59.1,87.5,28.7,7.58,33.8,12.6,9.82,2.99,7.88,100.6,Very Poor
2020-06-06,290.9,438.6,90.3,118.3,246.1,23.8,2.8,18.2,146.1,14.27,9.8,8.85,191.4,Poor
2020-06-07,151.3,162.0,100.8,105.4,34.0,33.6,1.79,41.2,128.2,18.56,27.81,2.2,157.9,Moderate
2020-06-08,281.7,516.0,188.7,78.8,88.0,28.5,4.43,33.1,177.6,17.19,18.33,5.5,75.1,Poor
2020-06-09,295.8,226.0,77.2,39.5,88.4,19.9,2.85,67.8,179.0,0.88,1.95,9.4,51.8,Good
2020-06-10,415.2,206.8,147.8,25.7,133.0,36.7,0.25,4.6,143.2,16.14,3.21,5.91,170.0,Moderate
2020-06-11,475.5,326.3,22.6,138.4,56.1,1.5,5.4,51.5,75.6,2.23,2.19,4.95,309.6,Severe
2020-06-12,295.4,554.5,187.5,64.2,222.6,3.5,4.67,91.3,148.5,19.9,25.87,4.24,103.0,Poor
2020-06-13,244.7,101.0,112.6,14.3,199.5,6.3,1.2,58.2,133.0,0.07,13.54,8.25,68.2,Good
2020-06-14,492.2,553.6,58.6,57.3,151.6,32.9,1.37,6.5,65.9,7.72,12.87,4.99,496.6,Poor
2020-06-15,373.7,124.9,101.9,80.0,107.4,38.0,1.93,52.3,167.8,4.09,18.83,7.27,85.1,Satisfactory
2020-06-16,334.1,227.7,118.6,25.2,189.4,14.9,1.45,58.2,3.8,2.45,7.28,4.15,412.7,Poor
2020-06-17,18.2,543.1,142.9,12.7,12.8,0.5,9.73,14.7,184.1,15.27,21.39,7.27,56.7,Satisfactory
2020-06-18,129.3,185.1,113.7,143.0,135.9,16.0,1.77,96.2,123.1,6.43,0.01,5.12,94.4,Severe
2020-06-19,36.0,593.9,70.9,4.4,125.5,43.9,1.15,12.0,197.8,2.36,28.19,8.38,463.0,Severe
2020-06-20,280.1,526.0,136.5,107.6,93.8,46.3,7.54,50.5,91.4,6.97,12.22,6.66,8.1,Good
2020-06-21,362.7,544.0,47.9,85.2,197.3,37.3,0.35,94.1,41.5,12.9,12.83,3.09,333.5,Very Poor
2020-06-22,417.6,522.6,58.8,1.5,110.4,19.4,7.61,62.5,20.6,4.5,2.1,6.72,430.2,Satisfactory
2020-06-23,103.7,0.3,40.4,49.6,233.0,19.9,5.28,91.9,183.6,3.59,26.95,6.87,298.1,Poor
2020-06-24,218.9,589.1,45.6,90.9,165.4,14.4,0.12,26.3,128.6,15.9,25.46,8.79,98.1,Poor
2020-06-25,17.8,269.3,184.1,17.5,195.8,38.3,9.64,64.0,101.0,17.2,21.84,1.03,8.8,Severe
2020-06-26,294.2,271.2,0.4,126.6,11.9,46.1,9.28,36.6,150.9,18.74,2.83,0.75,255.9,Moderate
2020-06-27,435.1,97.5,77.6,70.3,146.6,39.9,6.9,60.7,176.8,18.99,17.15,3.6,426.8,Very Poor
2020-06-28,232.3,33.0,120.7,16.3,193.3,20.2,6.33,40.0,187.4,9.55,20.09,5.15,51.4,Good
2020-06-29,218.2,204.0,41.2,32.3,87.6,0.5,9.31,45.7,19.7,19.13,9.86,7.07,17.1,Poor
2020-06-30,37.0,537.6,106.4,61.5,204.5,39.8,9.51,25.0,24.7,4.75,2.38,8.54,308.8,Moderate
2020-07-01,115.3,140.1,104.4,78.6,66.2,32.9,0.25,63.3,29.3,11.94,1.74,7.51,248.7,Severe
2020-07-02,102.8,139.3,139.1,82.0,86.7,35.4,4.06,42.9,182.2,14.63,22.01,7.27,109.8,Severe
2020-07-03,395.8,61.8,192.7,116.4,115.6,11.9,1.26,97.7,61.2,15.19,23.45,7.49,51.3,Very Poor
2020-07-04,319.3,166.7,172.1,73.5,32.6,20.4,0.78,37.5,3.9,11.55,9.49,7.14,443.6,Good
2020-07-05,209.7,548.9,55.4,30.6,161.7,23.0,6.81,44.4,45.6,14.73,24.24,2.74,340.1,Moderate
2020-07-06,391.1,390.0,112.5,30.7,193.8,9.7,4.62,89.6,85.3,4.61,24.4,8.21,497.1,Good
2020-07-07,326.9,196.1,69.4,137.1,12.8,31.1,5.65,48.8,76.7,13.05,25.65,9.08,129.2,Moderate
2020-07-08,297.3,102.1,179.1,87.5,185.0,41.0,3.68,95.1,57.3,10.85,25.07,2.98,136.1,Poor
2020-07-09,495.6,130.3,199.1,56.3,104.1,23.4,5.66,84.2,138.5,19.6,18.79,2.62,440.3,Satisfactory
2020-07-10,313.4,248.8,56.0,2.2,59.3,28.8,3.9,16.1,156.3,3.8,14.89,6.7,344.2,Very Poor
2020-07-11,465.5,536.1,198.7,62.8,83.0,18.6,4.21,67.6,39.8,11.62,11.95,1.55,499.0,Poor
2020-07-12,69.2,59.9,47.6,134.3,92.5,26.3,9.04,41.2,16.9,18.81,9.38,7.94,61.4,Severe
2020-07-13,86.1,464.9,164.7,31.3,190.2,6.8,4.71,15.3,76.5,0.21,14.68,8.37,485.5,Satisfactory
2020-07-14,468.3,395.6,193.6,113.1,67.2,16.2,8.65,1.8,157.1,19.41,10.43,8.45,147.1,Poor
2020-07-15,210.3,514.4,191.2,64.3,114.5,9.7,9.43,17.7,163.8,3.29,21.24,0.39,377.9,Very Poor
2020-07-16,282.1,538.9,85.5,29.0,171.5,20.1,6.98,27.5,42.4,2.73,7.68,8.14,173.7,Severe
2020-07-17,425.4,92.8,76.0,96.4,221.8,43.5,8.53,5.7,118.8,3.1,11.25,7.64,105.0,Poor
2020-07-18,9.6,237.3,182.2,94.4,47.7,41.3,4.81,24.8,198.2,10.25,5.25,0.9,410.3,Satisfactory
2020-07-19,115.8,398.0,145.4,49.2,146.1,36.3,5.77,61.8,33.7,19.75,11.2,8.48,423.3,Poor
2020-07-20,233.0,278.5,39.0,58.5,147.6,49.6,2.39,60.8,49.4,0.82,1.21,4.34,20.5,Moderate
2020-07-21,129.7,500.7,8.3,82.9,80.5,3.6,1.14,53.7,195.2,7.45,23.43,4.32,420.0,Very Poor
2020-07-22,43.0,4.7,109.8,101.9,123.2,29.4,9.73,28.2,195.1,3.38,27.93,3.86,373.3,Satisfactory
2020-07-23,291.3,229.1,94.6,94.5,26.9,42.8,0.38,0.5,170.3,8.98,18.86,7.46,433.3,Poor
2020-07-24,404.1,137.9,42.5,4.1,217.7,2.8,0.48,15.3,136.8,2.03,16.68,9.69,101.6,Satisfactory
2020-07-25,88.0,232.9,153.1,88.6,70.3,46.3,2.0,73.2,104.6,6.93,27.87,5.54,226.3,Moderate
2020-07-26,466.1,187.3,116.4,118.9,39.2,0.9,6.58,0.3,68.0,6.0,16.81,4.78,420.0,Very Poor
2020-07-27,53.5,252.2,197.5,111.8,170.3,29.7,5.46,87.5,57.9,3.52,28.86,8.13,91.2,Moderate
2020-07-28,110.1,270.1,99.1,46.9,132.9,45.4,9.5,19.1,27.9,16.2,3.42,9.59,186.7,Very Poor
2020-07-29,268.1,468.5,80.9,38.0,162.7,5.6,8.71,16.4,73.5,18.84,10.88,4.7,462.0,Satisfactory
2020-07-30,317.3,85.4,182.9,137.7,189.1,47.9,4.06,58.8,68.9,4.43,2.14,9.62,174.4,Severe
2020-07-31,404.2,72.0,16.6,76.1,4.4,19.5,7.38,35.5,86.5,11.49,23.94,0.82,15.6,Severe
2020-08-01,406.9,466.5,188.7,41.0,80.4,38.7,7.64,6.4,110.0,13.85,21.65,8.66,467.3,Very Poor
2020-08-02,60.0,517.9,119.0,147.8,179.8,34.7,3.61,44.2,53.6,6.35,3.94,5.55,128.2,Satisfactory
2020-08-03,209.3,328.3,179.2,39.5,64.5,35.1,6.58,59.6,180.6,1.2,28.87,2.31,436.3,Satisfactory
2020-08-04,487.2,5.0,157.2,28.0,133.4,29.1,3.53,55.3,94.7,2.58,12.69,4.17,99.2,Severe
2020-08-05,495.8,277.7,180.3,149.7,136.5,5.9,2.99,82.8,162.0,13.68,27.67,9.23,88.2,Poor
2020-08-06,379.4,515.6,146.1,43.8,242.1,28.2,1.94,94.1,164.6,3.28,6.96,9.82,60.6,Severe
2020-08-07,366.2,425.9,163.0,128.8,103.2,13.1,3.07,51.7,117.0,6.91,27.81,8.93,495.3,Good
2020-08-08,398.8,390.7,29.0,144.6,80.3,10.0,1.88,64.6,67.6,18.99,22.63,9.48,110.0,Moderate
2020-08-09,215.7,80.8,71.3,13.5,200.3,22.0,6.12,47.6,199.9,2.74,10.22,1.92,170.3,Severe
2020-08-10,455.3,159.5,72.8,93.6,204.7,17.4,9.86,58.4,174.5,7.12,22.78,5.1,117.9,Good
2020-08-11,211.5,166.0,156.1,129.1,220.1,2.0,6.01,23.7,41.9,15.63,7.96,6.07,289.7,Satisfactory
2020-08-12,289.2,558.2,71.4,70.3,236.0,32.9,2.4,76.5,53.2,3.6,24.65,1.69,175.0,Very Poor
2020-08-13,238.2,48.9,57.9,51.6,1.3,5.6,1.77,29.0,104.3,4.85,11.47,0.72,34.0,Satisfactory
2020-08-14,414.1,101.3,81.0,44.5,187.8,43.0,7.08,44.6,109.7,13.5,8.63,9.1,127.2,Satisfactory
2020-08-15,485.7,257.1,198.8,128.9,28.6,23.9,1.07,72.6,108.6,3.07,13.61,4.21,497.9,Moderate
2020-08-16,133.2,87.9,145.8,116.8,86.0,22.4,6.95,80.7,118.8,5.14,19.78,4.56,165.2,Severe
2020-08-17,60.1,75.5,151.7,147.2,15.8,45.6,3.7,91.3,72.7,15.47,9.97,9.2,144.5,Satisfactory
2020-08-18,393.1,349.7,171.2,122.1,79.5,36.8,5.81,96.7,188.8,8.42,15.15,8.22,307.4,Satisfactory
2020-08-19,352.1,106.0,17.6,70.7,64.8,7.4,1.01,68.9,90.6,13.88,20.55,1.61,28.5,Moderate
2020-08-20,115.7,225.4,194.7,122.4,13.0,36.3,3.07,21.7,146.3,17.7,20.17,8.63,395.8,Severe
2020-08-21,390.6,196.8,176.7,32.3,233.9,29.6,6.25,44.3,35.6,11.39,25.91,3.65,401.7,Very Poor
2020-08-22,435.7,101.7,14.4,9.2,68.7,13.0,4.84,51.4,196.7,9.65,8.16,2.52,494.8,Satisfactory
2020-08-23,190.7,211.4,78.6,46.7,81.1,25.7,3.99,53.0,37.1,16.77,24.5,0.94,231.6,Satisfactory
2020-08-24,29.3,294.3,8.3,17.2,46.0,24.8,6.35,88.7,105.9,0.84,7.96,6.41,62.6,Very Poor
2020-08-25,469.7,123.6,30.3,112.7,11.5,26.7,9.76,83.3,151.6,17.53,19.59,5.69,310.4,Poor
2020-08-26,277.0,532.6,40.9,119.0,11.7,38.8,3.85,50.3,14.8,17.06,8.08,7.32,253.7,Moderate
2020-08-27,287.1,343.4,8.8,58.6,88.5,39.2,9.97,71.8,155.3,4.65,4.62,5.98,49.2,Good
2020-08-28,456.5,272.3,44.0,18.8,106.3,19.2,8.69,57.3,166.1,18.96,29.12,3.67,142.2,Satisfactory
2020-08-29,249.9,594.1,41.3,48.1,132.2,45.4,0.99,14.9,151.3,11.78,24.81,5.42,118.8,Poor
2020-08-30,177.6,204.4,37.1,60.4,85.7,31.8,9.85,12.1,165.0,10.48,0.55,5.66,474.1,Poor
2020-08-31,399.8,300.9,29.1,138.8,126.6,12.0,5.77,84.5,163.8,15.04,20.37,4.77,235.5,Poor
2020-09-01,229.6,69.5,73.4,107.4,7.3,28.9,9.18,85.5,94.1,17.21,8.43,4.74,91.5,Very Poor
2020-09-02,40.0,552.7,120.4,99.7,245.5,15.0,2.74,68.3,59.0,1.42,4.19,7.99,160.2,Poor
2020-09-03,457.5,375.6,162.7,5.6,58.0,5.7,9.71,22.5,79.7,7.49,7.2,7.7,463.5,Good
2020-09-04,442.1,51.3,44.5,97.1,117.3,24.6,6.8,84.7,37.5,0.2,18.29,1.86,307.1,Very Poor
2020-09-05,96.8,152.3,140.4,81.6,72.3,4.0,8.5,1.7,72.7,5.96,18.15,1.19,412.3,Very Poor
2020-09-06,214.1,506.0,56.8,117.7,231.5,5.0,4.8,5.8,84.2,16.97,27.83,7.15,341.9,Satisfactory
2020-09-07,439.9,524.9,91.2,66.2,249.9,45.0,5.99,21.9,86.2,9.85,16.61,6.79,375.6,Very Poor
2020-09-08,467.7,230.8,98.3,138.3,242.8,33.6,6.62,99.9,180.5,15.2,28.42,8.6,419.2,Poor
2020-09-09,340.6,483.4,95.2,96.6,127.7,28.6,7.4,63.1,106.9,7.51,11.72,0.18,361.8,Good
2020-09-10,487.4,309.2,125.3,21.4,147.6,42.7,8.91,24.8,175.9,18.54,5.63,7.16,493.0,Good
2020-09-11,81.1,293.2,9.3,40.0,239.0,46.6,1.9,18.5,16.8,16.94,11.29,0.13,121.5,Satisfactory
2020-09-12,87.7,291.2,195.4,76.8,246.6,33.4,0.59,39.1,81.6,18.14,4.19,1.78,404.6,Good
2020-09-13,282.2,402.8,189.4,132.0,28.0,0.9,4.54,34.8,12.7,12.72,12.92,5.02,408.3,Poor
2020-09-14,39.2,477.1,78.3,126.1,58.4,33.8,8.95,82.2,198.5,12.06,6.67,6.89,473.8,Good
2020-09-15,484.8,527.9,161.7,17.2,115.7,42.1,3.72,49.8,167.0,16.04,20.43,0.37,19.5,Severe
2020-09-16,319.1,88.5,197.6,56.6,31.6,35.5,8.24,88.8,119.1,2.26,26.78,5.01,149.8,Satisfactory
2020-09-17,48.5,138.4,132.0,26.3,159.7,32.9,4.29,86.8,16.6,14.83,20.13,9.09,313.8,Good
2020-09-18,281.1,190.2,133.2,96.5,182.6,26.1,9.1,76.4,138.8,15.37,26.28,8.4,453.9,Moderate
2020-09-19,426.0,86.5,41.7,116.8,25.2,48.1,2.92,43.0,93.0,14.8,22.5,9.89,29.2,Poor
2020-09-20,129.0,10.4,149.2,62.9,37.8,23.0,9.6,28.5,48.3,16.59,24.2,1.53,274.6,Poor
2020-09-21,410.1,61.6,144.2,146.7,72.3,38.0,9.96,33.6,191.7,0.27,14.46,3.7,139.9,Very Poor
2020-09-22,297.6,194.7,153.5,38.3,43.7,25.5,0.15,13.2,35.5,11.99,17.66,3.04,39.6,Poor
2020-09-23,345.0,441.1,69.1,9.2,140.7,30.5,6.62,65.1,136.3,8.79,9.59,3.68,432.4,Satisfactory
2020-09-24,320.8,448.6,29.8,100.9,65.9,49.7,2.82,77.3,176.7,19.98,0.04,4.53,92.0,Severe
2020-09-25,412.1,576.8,114.9,122.3,200.7,1.6,3.15,59.9,11.6,7.88,12.94,3.39,415.6,Good
2020-09-26,445.3,500.5,40.0,26.5,37.1,7.2,3.92,58.1,189.6,5.71,21.21,9.72,396.8,Severe
2020-09-27,132.6,378.1,69.5,112.9,125.5,30.2,1.81,25.4,112.1,19.98,7.68,4.46,388.2,Good
2020-09-28,78.3,180.0,87.3,62.1,185.3,31.7,3.45,11.6,46.6,10.73,24.51,8.92,251.9,Poor
2020-09-29,336.8,131.9,160.0,32.8,232.4,30.9,2.51,49.2,43.9,4.92,10.15,2.22,493.4,Very Poor
2020-09-30,120.7,187.5,99.4,82.3,62.6,10.3,6.0,65.0,17.6,17.82,26.1,3.63,41.7,Very Poor
2020-10-01,222.2,379.1,62.8,83.5,39.2,0.2,0.23,28.8,120.1,4.38,15.46,1.67,9.2,Moderate
2020-10-02,35.9,1.1,41.6,88.0,236.1,7.0,2.96,99.3,128.6,19.73,22.55,7.2,437.7,Good
2020-10-03,120.4,593.5,191.3,106.1,63.0,43.6,3.65,35.1,144.0,18.34,2.17,0.52,263.5,Severe
2020-10-04,473.2,357.5,72.3,75.1,211.6,27.8,6.57,65.9,52.8,1.51,5.16,3.42,48.7,Very Poor
2020-10-05,62.3,275.4,76.7,17.3,51.5,40.8,4.91,9.4,174.5,15.57,13.81,0.48,47.8,Good
2020-10-06,433.5,263.2,36.3,123.2,180.5,13.9,4.81,55.9,168.3,14.15,11.23,0.28,369.1,Satisfactory
2020-10-07,340.7,506.9,81.8,146.7,43.6,48.6,0.64,34.3,54.1,12.25,27.17,8.32,370.3,Poor
2020-10-08,400.1,482.9,68.9,149.1,102.7,31.1,5.4,34.2,194.1,14.46,29.44,1.8,244.8,Poor
2020-10-09,246.2,7.0,34.3,60.9,44.6,25.6,1.37,88.3,162.8,12.2,12.56,4.89,21.7,Poor
2020-10-10,166.5,482.7,108.8,7.5,129.2,43.8,1.15,47.5,126.0,14.47,16.28,0.85,138.9,Very Poor
2020-10-11,77.2,99.5,179.0,95.2,210.5,17.3,1.79,38.8,170.9,13.84,16.01,6.86,266.5,Moderate
2020-10-12,199.3,213.4,93.8,11.8,107.1,24.5,7.39,86.4,55.2,4.83,20.46,0.21,182.6,Good
2020-10-13,208.0,96.8,151.3,23.0,14.9,25.2,2.21,0.6,71.9,5.78,23.11,1.97,147.0,Severe
2020-10-14,234.6,297.6,5.9,58.7,93.1,26.6,7.32,72.7,44.9,8.01,12.2,1.47,392.3,Satisfactory
2020-10-15,260.3,185.7,197.8,46.3,169.8,46.7,8.05,36.3,138.9,9.42,23.99,3.48,4.3,Satisfactory
2020-10-16,411.7,423.5,195.7,6.3,76.0,21.2,3.71,92.1,102.6,5.05,17.05,9.52,215.2,Poor
2020-10-17,259.5,297.3,191.8,95.5,7.9,32.7,4.82,65.4,54.7,13.55,13.22,6.74,115.8,Very Poor
2020-10-18,226.1,417.8,173.5,61.3,206.0,40.3,0.31,46.3,116.9,5.85,25.21,3.69,362.2,Poor
2020-10-19,281.3,214.2,171.9,134.1,57.4,0.5,2.03,5.6,24.1,2.95,29.63,3.83,99.0,Poor
2020-10-20,233.3,431.4,15.4,143.4,230.0,0.7,6.94,63.5,175.2,0.64,14.33,6.0,433.9,Poor
2020-10-21,257.3,139.1,125.2,65.2,129.4,20.8,6.01,63.1,27.6,18.04,25.7,5.17,149.9,Satisfactory
2020-10-22,211.2,149.4,46.7,111.2,191.4,18.1,0.96,44.7,169.3,1.0,21.06,9.68,459.8,Poor
2020-10-23,154.8,377.7,124.8,16.0,68.5,15.6,1.29,91.0,114.0,16.84,5.24,5.13,41.1,Good
2020-10-24,131.3,313.9,173.4,111.9,76.1,13.5,1.87,68.0,49.0,13.72,21.64,2.04,269.9,Very Poor
2020-10-25,415.7,515.4,183.9,64.6,82.3,36.1,7.47,32.7,65.5,2.84,19.43,7.53,430.9,Severe
2020-10-26,124.6,22.7,134.7,53.1,229.4,45.7,1.29,3.9,41.7,15.27,8.55,4.21,226.0,Good
2020-10-27,446.3,56.6,108.6,115.8,23.2,6.7,6.78,74.2,64.7,8.07,3.42,8.76,190.2,Moderate
2020-10-28,361.2,345.8,190.1,34.3,203.4,19.5,4.08,65.4,91.6,14.95,14.04,1.55,429.4,Good
2020-10-29,105.1,292.7,191.5,111.0,106.2,26.2,4.96,43.7,136.0,4.76,24.76,4.76,28.1,Moderate
2020-10-30,47.4,33.6,73.5,42.2,75.3,5.6,4.65,95.2,105.8,6.31,18.27,3.16,24.1,Satisfactory
2020-10-31,124.9,325.5,3.3,108.9,170.5,19.2,5.67,14.2,5.3,19.3,5.97,8.6,301.7,Poor
2020-11-01,11.6,503.8,29.3,11.8,237.8,47.2,8.69,69.6,186.8,14.54,21.23,3.35,81.3,Severe
2020-11-02,147.7,180.6,129.0,119.4,92.1,40.7,8.86,56.6,39.0,4.04,6.37,3.84,492.0,Satisfactory
2020-11-03,73.7,514.6,154.6,80.9,83.2,46.7,7.44,28.2,32.7,5.5,29.29,2.32,179.8,Severe
2020-11-04,295.7,110.2,68.6,29.1,69.6,43.3,8.42,96.5,166.0,19.07,7.72,7.61,153.0,Satisfactory
2020-11-05,189.7,408.4,106.6,40.2,71.6,16.6,2.47,5.3,121.1,15.42,23.95,0.48,343.5,Severe
2020-11-06,28.6,165.9,49.7,124.4,87.9,15.7,6.84,71.0,147.6,10.21,26.97,0.33,288.8,Severe
2020-11-07,83.4,494.7,91.9,79.8,14.3,16.1,0.9,49.7,52.0,7.27,1.41,9.35,89.5,Very Poor
2020-11-08,229.3,298.1,140.7,105.1,70.8,40.2,2.63,64.0,64.3,7.25,5.69,7.4,136.9,Severe
2020-11-09,400.9,302.9,200.0,13.0,88.5,33.1,4.15,65.9,64.6,12.13,11.27,7.3,46.7,Severe
2020-11-10,10.8,589.0,110.2,73.8,201.0,30.9,4.63,47.0,55.3,4.17,29.27,2.38,389.1,Satisfactory
2020-11-11,420.1,46.2,0.5,105.7,217.4,39.6,1.66,56.3,41.1,14.03,23.41,7.2,177.1,Severe
2020-11-12,47.8,330.9,78.6,4.8,167.9,38.3,3.69,89.6,121.9,16.94,2.42,4.53,93.9,Moderate
2020-11-13,357.2,546.8,59.4,72.6,136.1,35.2,9.91,80.6,189.8,2.82,20.51,5.39,57.2,Good
2020-11-14,341.7,259.0,65.3,42.7,134.6,3.2,0.65,89.7,26.2,12.97,19.75,2.85,222.1,Moderate
2020-11-15,435.5,264.1,30.5,105.0,94.6,14.3,7.83,0.9,86.2,12.08,6.23,1.78,393.1,Good
2020-11-16,457.6,503.9,72.9,75.3,2.6,42.2,2.58,90.1,60.6,16.92,26.87,3.4,374.9,Poor
2020-11-17,59.4,83.5,183.9,31.9,78.7,4.8,9.25,18.4,5.1,9.03,0.2,7.6,411.0,Satisfactory
2020-11-18,81.2,412.7,184.3,65.5,0.2,12.8,5.48,69.3,10.5,13.8,9.29,9.54,194.9,Good
2020-11-19,89.7,188.2,192.6,132.5,178.9,44.3,2.33,11.6,50.4,2.97,6.82,1.73,266.2,Very Poor
2020-11-20,317.3,364.3,91.5,85.8,247.7,15.0,3.05,41.9,52.3,12.79,18.21,1.64,315.6,Moderate
2020-11-21,155.6,66.0,146.0,140.7,99.4,19.8,9.83,87.8,190.1,0.82,20.2,9.16,417.0,Severe
2020-11-22,248.1,330.4,135.1,75.9,150.8,16.4,0.67,63.5,34.2,9.38,18.82,6.96,387.3,Moderate
2020-11-23,193.8,489.1,28.9,130.8,87.7,10.8,3.14,14.4,22.2,17.67,22.08,5.39,87.6,Satisfactory
2020-11-24,361.3,387.3,124.3,73.5,26.0,30.8,8.06,47.8,35.3,4.85,24.35,0.67,367.0,Very Poor
2020-11-25,60.8,249.9,80.8,60.1,192.7,10.5,5.22,33.4,158.2,16.05,14.19,8.58,477.0,Very Poor
2020-11-26,481.5,89.8,74.7,109.4,172.5,39.5,4.36,45.7,51.1,2.28,13.48,7.5,386.7,Good
2020-11-27,442.7,471.5,21.4,59.8,246.1,49.5,0.73,66.6,96.2,13.48,3.49,7.77,84.5,Poor
2020-11-28,203.1,18.4,99.4,36.7,140.3,16.0,3.82,1.9,144.9,7.43,21.96,3.72,399.8,Good
2020-11-29,368.4,200.8,186.0,7.0,21.8,1.6,8.09,41.5,86.8,6.29,19.44,0.94,196.8,Poor
2020-11-30,316.6,463.8,142.1,69.8,172.1,19.9,3.41,100.0,86.8,3.91,16.74,4.05,46.8,Severe
2020-12-01,390.7,104.4,42.2,85.5,88.9,35.0,8.83,24.9,38.6,15.52,7.0,0.16,206.8,Very Poor
2020-12-02,462.0,310.7,116.9,42.3,95.0,35.5,8.29,44.3,51.0,1.92,11.11,3.64,442.8,Good
2020-12-03,366.2,533.4,136.2,56.4,101.3,38.9,1.3,7.8,60.8,1.29,27.79,8.46,164.8,Moderate
2020-12-04,485.2,14.0,91.8,132.2,24.7,23.1,7.01,98.9,170.3,17.67,9.76,6.23,267.2,Satisfactory
2020-12-05,235.0,121.3,58.0,55.5,94.5,6.9,4.44,6.3,66.1,10.94,20.76,4.41,182.7,Very Poor
2020-12-06,403.0,563.5,152.5,54.3,94.9,25.7,9.98,6.0,51.0,18.22,2.58,6.87,135.8,Satisfactory
2020-12-07,42.0,198.2,137.1,140.6,146.7,20.3,1.79,19.5,42.4,6.52,12.05,1.43,312.3,Satisfactory
2020-12-08,433.0,387.5,165.7,14.6,236.2,39.0,1.56,26.5,83.9,1.03,19.98,6.09,428.0,Good
2020-12-09,58.4,386.7,62.4,71.2,119.7,35.4,8.99,5.9,198.7,13.36,16.36,9.05,291.4,Satisfactory
2020-12-10,39.3,300.9,91.6,28.3,92.0,0.1,8.94,80.7,54.4,6.44,21.23,3.33,13.1,Moderate
2020-12-11,423.3,459.4,53.9,90.3,243.1,46.9,3.03,10.9,30.4,1.95,6.21,7.08,17.1,Severe
2020-12-12,285.4,5.3,88.2,14.3,242.8,47.3,3.52,11.3,93.4,17.62,6.78,6.74,484.9,Satisfactory
2020-12-13,13.4,296.1,195.9,98.2,131.9,47.7,0.83,36.4,191.5,11.53,9.45,9.88,156.7,Very Poor
2020-12-14,403.3,405.0,160.1,108.1,218.7,28.6,7.65,20.7,19.0,2.64,5.43,0.25,250.3,Very Poor
2020-12-15,220.6,287.9,91.3,132.2,49.7,24.6,0.57,34.0,15.0,8.58,2.46,7.11,420.0,Good
2020-12-16,56.7,196.9,174.2,41.1,13.3,12.7,1.98,83.5,8.9,15.78,11.08,0.67,81.6,Satisfactory
2020-12-17,84.2,35.3,28.2,98.2,214.8,31.2,4.67,25.0,70.6,13.14,16.01,3.23,281.1,Poor
2020-12-18,462.3,54.0,63.5,57.6,23.8,16.2,0.94,90.1,19.9,6.53,8.93,2.75,498.6,Good
2020-12-19,47.4,104.5,193.9,137.3,192.5,39.3,9.16,48.3,168.6,6.67,3.87,6.63,415.2,Satisfactory
2020-12-20,74.6,468.3,0.1,21.0,204.6,3.0,6.37,29.1,114.9,14.71,28.56,6.75,364.5,Good
2020-12-21,339.1,258.7,198.3,70.4,190.9,35.6,3.94,94.7,5.5,7.14,22.56,5.61,97.0,Satisfactory
2020-12-22,378.5,573.1,136.0,75.7,232.4,25.3,1.06,71.6,142.6,4.99,19.23,2.37,483.9,Satisfactory
2020-12-23,285.9,35.8,147.7,12.0,71.4,25.6,0.07,98.5,183.2,4.05,3.05,2.19,230.8,Moderate
2020-12-24,233.0,578.3,131.9,106.7,158.0,28.4,2.46,9.4,102.6,2.86,10.51,3.84,29.0,Poor
2020-12-25,27.1,293.9,109.0,98.4,81.8,27.2,7.56,22.1,47.7,2.14,16.47,1.15,178.4,Good
2020-12-26,199.9,220.2,164.4,83.2,168.1,15.8,8.34,99.6,116.8,9.42,14.01,4.72,135.4,Moderate
2020-12-27,16.1,494.4,164.4,3.7,216.2,37.0,6.04,86.0,79.5,3.15,28.73,3.0,415.8,Good
2020-12-28,418.0,448.4,48.8,128.2,98.4,19.9,3.38,73.3,76.9,19.69,22.83,1.95,401.5,Satisfactory
2020-12-29,243.1,338.2,49.6,7.2,118.3,38.1,1.85,60.3,6.5,5.41,17.13,3.36,139.8,Satisfactory
2020-12-30,107.2,595.4,97.0,4.9,241.1,39.3,3.83,49.3,84.9,10.04,15.49,9.68,281.9,Satisfactory
2020-12-31,393.6,200.5,161.9,113.3,215.1,2.4,3.44,1.5,11.0,1.55,9.7,6.79,309.8,Satisfactory
2021-01-01,200.0,289.0,58.8,127.0,202.7,16.6,6.58,31.4,107.0,10.43,22.51,6.61,152.7,Very Poor
2021-01-02,383.7,576.1,106.1,125.4,187.1,15.1,7.97,66.3,119.5,7.92,3.52,5.95,326.4,Poor
2021-01-03,187.2,109.9,187.0,137.5,180.9,47.0,2.47,40.8,37.9,10.13,1.94,1.07,390.2,Severe
2021-01-04,180.0,479.7,37.8,105.9,219.7,9.6,8.2,94.5,14.9,8.46,3.94,9.09,61.6,Very Poor
2021-01-05,79.8,346.1,123.3,27.5,233.3,38.5,0.23,80.6,18.4,10.34,28.69,4.48,410.5,Good
2021-01-06,357.8,131.3,129.4,15.4,168.4,42.9,9.25,68.8,148.6,13.55,16.43,5.55,273.6,Very Poor
2021-01-07,146.0,192.3,100.3,66.1,162.9,46.0,6.72,65.8,11.5,14.43,12.57,0.82,448.2,Moderate
2021-01-08,316.1,364.5,193.6,29.8,99.3,38.1,0.94,0.5,149.1,8.16,27.58,6.31,244.4,Poor
2021-01-09,457.2,44.2,78.6,141.5,55.0,36.0,5.81,21.1,26.1,17.97,22.45,1.11,482.6,Very Poor
2021-01-10,354.1,323.3,63.5,20.2,211.0,49.9,4.88,30.0,76.0,1.52,8.49,9.86,475.9,Severe
2021-01-11,412.7,404.6,50.2,103.2,94.1,21.7,0.62,71.1,170.0,15.66,15.58,4.03,265.6,Poor
2021-01-12,147.3,217.6,69.4,14.8,94.5,27.2,0.77,38.3,7.1,16.49,1.63,6.14,250.9,Very Poor
2021-01-13,371.2,413.9,192.2,62.8,42.3,11.4,0.88,66.6,34.5,3.16,0.94,7.66,18.8,Moderate
2021-01-14,476.9,337.9,135.0,22.8,218.1,24.1,7.21,63.7,96.5,10.73,1.61,5.7,195.7,Moderate
2021-01-15,228.1,79.2,136.9,43.8,200.7,31.1,7.14,93.9,83.1,4.02,28.28,5.45,413.4,Moderate
2021-01-16,340.6,108.0,154.4,103.2,27.7,34.6,6.54,82.7,183.9,1.12,20.74,8.6,273.5,Good
2021-01-17,178.6,12.5,71.6,134.5,122.2,3.9,8.36,51.9,110.7,14.5,0.88,0.75,380.4,Satisfactory
2021-01-18,335.2,258.8,128.9,124.8,173.0,21.2,6.09,23.3,129.1,17.94,19.06,4.97,455.1,Very Poor
2021-01-19,363.5,244.6,44.9,14.8,154.7,27.5,4.14,98.4,166.2,9.6,5.28,3.6,53.2,Moderate
2021-01-20,3.3,507.2,184.7,67.1,16.0,35.2,5.16,28.7,178.2,11.88,25.33,0.76,430.9,Severe
2021-01-21,392.9,580.8,96.0,137.5,110.9,36.4,0.46,2.4,159.5,8.42,1.81,6.41,26.2,Moderate
2021-01-22,280.4,202.0,103.0,7.6,72.3,16.8,3.01,44.2,127.3,16.57,2.0,2.42,173.6,Severe
2021-01-23,408.6,554.9,30.1,139.1,235.6,3.6,6.66,55.2,38.9,1.94,14.33,0.91,492.3,Moderate
2021-01-24,493.2,434.0,86.6,74.7,16.2,22.7,3.22,46.9,27.9,1.74,24.98,6.07,491.9,Satisfactory
2021-01-25,391.9,595.5,52.1,34.9,28.0,12.1,2.34,5.7,191.9,17.19,20.77,9.45,246.5,Poor
2021-01-26,108.9,397.6,122.1,41.8,79.3,49.1,6.53,65.1,160.4,19.14,7.03,0.08,169.0,Satisfactory
2021-01-27,182.4,529.3,91.2,121.6,35.1,7.7,4.85,79.0,89.5,14.06,0.48,4.32,336.0,Satisfactory
2021-01-28,65.0,168.6,181.1,47.9,87.2,20.6,6.34,39.6,107.5,13.91,16.41,7.23,447.1,Severe
2021-01-29,242.4,458.8,163.4,108.5,128.0,14.8,9.82,66.5,179.1,1.97,3.63,0.01,61.9,Good
2021-01-30,41.7,501.3,83.5,146.9,22.6,6.5,4.58,39.4,105.4,4.18,13.95,2.67,263.2,Good
2021-01-31,133.8,580.0,186.8,59.2,245.1,6.5,7.5,24.6,21.7,13.17,15.94,0.03,80.3,Poor
2021-02-01,78.8,105.3,122.3,78.1,76.9,0.5,6.88,67.9,46.2,16.98,27.45,8.21,424.7,Moderate
2021-02-02,115.5,178.0,35.6,147.3,229.7,31.0,6.16,40.4,135.8,13.74,1.03,0.81,339.8,Satisfactory
2021-02-03,117.3,392.2,142.5,41.7,179.0,24.3,6.23,21.2,9.6,1.96,29.72,0.87,52.1,Very Poor
2021-02-04,309.2,150.5,148.4,129.2,239.2,8.3,3.39,90.3,87.2,2.71,15.07,2.27,320.1,Poor
2021-02-05,307.4,257.0,188.3,5.4,236.9,34.2,0.33,80.2,17.8,15.82,12.37,0.0,93.5,Severe
2021-02-06,121.1,111.7,16.2,120.2,146.3,8.6,4.02,30.7,142.7,13.41,15.52,9.98,70.2,Good
2021-02-07,78.6,198.1,169.9,120.8,164.3,14.8,7.0,33.7,167.5,13.05,7.46,1.03,155.0,Poor
2021-02-08,362.5,532.5,140.2,31.0,80.0,42.2,9.31,74.9,0.3,14.57,29.25,4.21,475.2,Very Poor
2021-02-09,469.7,512.2,104.2,25.3,113.9,43.4,7.8,76.1,22.3,2.03,28.18,3.9,156.8,Moderate
2021-02-10,214.2,156.7,13.6,70.9,22.5,15.3,3.65,46.1,169.0,6.19,16.92,5.59,266.4,Poor
2021-02-11,156.1,40.5,19.6,72.0,209.8,15.1,5.28,25.3,112.8,5.04,7.35,4.64,168.8,Very Poor
2021-02-12,339.3,230.4,195.2,118.1,248.6,33.2,8.25,33.3,26.7,6.36,22.2,0.08,371.4,Severe
2021-02-13,347.9,208.6,187.7,92.1,19.9,18.2,4.63,15.4,151.5,7.42,17.46,7.78,54.4,Very Poor
2021-02-14,40.0,594.6,31.8,41.1,2.6,30.8,6.27,0.3,52.1,3.89,0.17,4.74,370.3,Moderate
2021-02-15,3.4,354.3,158.1,109.8,1.4,28.8,8.79,57.7,142.4,15.66,23.84,9.95,76.9,Good
2021-02-16,204.5,312.4,109.7,55.9,101.5,38.8,7.88,56.9,121.1,3.33,11.69,0.7,423.8,Moderate
2021-02-17,409.7,406.0,6.1,75.0,8.4,1.1,0.73,47.1,181.5,6.66,27.91,8.97,306.3,Satisfactory
2021-02-18,78.2,508.9,127.2,61.5,84.5,30.8,8.17,65.3,54.9,14.44,3.22,1.07,352.5,Good
2021-02-19,204.1,11.3,175.5,26.1,23.7,39.4,5.15,57.9,132.8,15.77,19.04,3.95,311.9,Very Poor
2021-02-20,44.4,419.3,133.5,82.8,106.6,46.6,4.8,81.4,148.5,8.24,22.0,1.4,447.5,Satisfactory
2021-02-21,345.7,13.7,1.8,122.7,160.5,14.3,7.25,29.1,78.9,6.46,20.33,5.32,205.8,Severe
2021-02-22,237.5,336.0,5.0,50.6,225.9,17.4,5.52,28.8,141.8,14.07,0.2,9.09,322.0,Very Poor
2021-02-23,295.4,308.6,89.6,144.7,72.4,18.9,9.61,30.8,26.1,15.09,26.25,0.24,468.1,Moderate
2021-02-24,288.3,560.5,73.4,47.2,126.8,27.2,0.58,86.7,113.7,5.49,4.74,5.56,250.2,Good
2021-02-25,321.8,281.6,156.4,3.7,113.3,40.5,3.6,52.4,3.5,5.2,8.62,7.52,106.8,Satisfactory
2021-02-26,15.6,354.2,158.8,31.0,142.1,17.2,4.69,19.6,55.8,14.51,22.14,9.14,325.1,Poor
2021-02-27,227.9,123.9,139.5,124.2,183.4,5.8,9.71,28.3,39.0,2.37,9.41,9.32,240.8,Severe
2021-02-28,192.8,210.7,3.7,49.7,40.3,42.3,7.0,38.0,151.7,6.46,29.12,9.9,249.0,Poor
2021-03-01,436.8,37.8,197.0,55.3,115.4,20.5,8.66,63.1,32.6,8.89,5.39,5.62,160.5,Poor
2021-03-02,245.8,30.0,49.0,45.6,187.2,27.5,3.24,25.7,106.6,13.79,22.55,2.03,457.4,Severe
2021-03-03,367.6,184.7,41.8,19.4,203.3,25.0,4.34,20.1,126.0,13.63,9.29,5.29,257.2,Satisfactory
2021-03-04,60.4,294.2,75.7,77.1,94.8,9.9,0.05,25.8,119.8,10.89,12.18,7.65,231.9,Moderate
2021-03-05,243.9,563.1,153.6,125.9,171.7,20.8,0.36,41.1,75.0,17.46,11.12,1.56,36.6,Satisfactory
2021-03-06,202.1,76.4,73.3,28.3,243.5,37.4,4.3,77.5,74.7,9.56,24.52,8.58,246.9,Poor
2021-03-07,74.2,9.9,5.7,145.2,111.2,37.9,9.93,98.7,165.5,11.26,27.02,8.22,67.6,Satisfactory
2021-03-08,369.2,257.0,71.0,109.3,114.9,2.4,6.73,9.6,84.9,16.93,14.13,0.77,405.3,Poor
2021-03-09,474.0,512.0,98.3,123.7,165.0,26.7,2.73,21.6,141.1,16.12,11.31,5.31,416.8,Poor
2021-03-10,341.3,465.9,92.3,8.7,2.9,42.6,0.44,49.4,9.0,14.51,23.31,8.95,375.6,Poor
2021-03-11,289.4,189.6,16.2,52.8,40.9,28.9,7.05,39.5,119.6,19.84,12.3,6.38,139.3,Poor
2021-03-12,21.3,102.7,169.4,136.3,180.8,17.5,3.99,46.4,1.8,12.42,28.2,9.09,341.4,Satisfactory
2021-03-13,411.6,13.6,90.1,79.2,155.0,47.6,5.61,18.7,192.7,18.2,7.65,5.09,58.8,Good
2021-03-14,92.8,209.4,45.6,23.9,73.5,28.3,6.03,97.6,104.9,11.17,4.78,4.9,364.4,Good
2021-03-15,443.4,335.9,11.7,2.2,46.1,21.6,3.95,63.7,24.2,12.95,11.05,2.04,427.7,Moderate
2021-03-16,218.5,482.4,194.2,23.1,235.8,31.3,2.46,66.8,60.9,2.02,29.71,4.11,369.7,Severe
2021-03-17,245.3,235.9,147.0,3.4,88.9,21.7,2.49,81.8,51.9,3.73,14.33,1.22,274.9,Severe
2021-03-18,327.5,16.2,35.1,88.9,244.6,11.9,4.18,29.1,83.6,8.76,2.68,2.19,15.1,Good
2021-03-19,40.2,36.5,167.0,69.7,46.1,33.8,8.16,66.8,8.1,18.93,12.89,8.13,303.8,Good
2021-03-20,315.7,476.4,188.2,125.8,245.2,11.0,7.71,67.8,6.3,19.19,24.82,4.24,198.0,Moderate
2021-03-21,404.1,164.7,131.9,70.4,71.7,31.9,7.88,27.9,35.1,16.89,20.89,9.23,223.8,Satisfactory
2021-03-22,498.8,167.4,8.4,126.1,178.9,27.0,5.26,66.8,158.5,5.29,14.66,3.24,316.3,Moderate
2021-03-23,91.0,582.5,44.8,114.3,76.2,12.3,4.12,84.0,156.7,9.21,23.49,7.65,163.7,Good
2021-03-24,354.8,594.5,87.0,21.4,80.3,26.8,1.26,95.3,112.1,11.96,14.11,2.71,332.4,Moderate
2021-03-25,329.1,196.3,6.0,43.6,185.7,16.9,6.7,0.5,11.9,0.82,13.32,1.22,189.2,Good
2021-03-26,478.4,263.2,62.8,67.0,229.7,38.1,2.6,53.9,53.1,2.14,15.52,7.35,143.6,Severe
2021-03-27,280.2,484.9,82.7,59.7,218.5,45.8,2.59,47.7,84.1,3.45,24.57,8.25,264.6,Poor
2021-03-28,373.5,308.3,187.3,51.0,63.8,31.2,5.16,66.6,139.6,18.15,21.89,1.03,292.7,Moderate
2021-03-29,431.8,411.4,181.4,59.3,60.2,13.8,1.73,48.3,42.5,12.24,4.06,7.33,96.3,Satisfactory
2021-03-30,174.1,138.8,165.2,55.1,71.9,33.9,0.63,62.5,89.8,7.56,23.49,3.5,456.6,Moderate
2021-03-31,204.0,223.0,102.9,145.1,102.2,13.9,5.63,10.0,115.0,15.22,11.0,7.37,304.4,Satisfactory
2021-04-01,409.7,127.0,55.7,17.0,79.7,43.5,1.57,35.9,134.9,15.47,28.66,3.79,372.4,Good
2021-04-02,315.1,221.1,25.5,106.6,155.1,12.1,7.95,17.8,59.7,5.37,5.44,2.62,3.2,Severe
2021-04-03,357.1,118.7,131.3,29.3,176.2,19.4,2.83,90.2,93.7,1.25,22.26,7.33,251.8,Good
2021-04-04,302.2,307.0,57.9,40.9,134.5,7.9,6.05,28.5,118.7,12.55,27.7,5.55,471.8,Poor
2021-04-05,446.7,238.0,182.9,94.4,127.3,8.6,6.61,52.3,6.3,15.7,15.56,2.78,250.9,Good
2021-04-06,79.8,423.5,17.5,23.0,27.4,1.3,6.21,50.2,125.2,12.21,6.59,0.75,353.8,Good
2021-04-07,161.4,16.7,67.7,98.4,192.4,1.8,6.56,32.6,37.5,0.65,6.56,9.09,322.5,Satisfactory
2021-04-08,102.6,334.3,55.9,82.1,63.0,48.3,7.69,32.6,129.5,11.71,23.12,3.0,35.3,Very Poor
2021-04-09,406.7,265.0,22.6,89.6,125.4,4.2,5.57,39.9,140.2,17.14,16.93,3.39,144.0,Good
2021-04-10,434.8,175.9,31.2,141.4,241.7,47.6,2.79,57.0,138.8,17.37,21.25,8.62,190.5,Moderate
2021-04-11,404.5,162.3,12.1,11.3,17.9,9.2,4.9,2.6,82.7,5.19,10.09,7.94,471.1,Good
2021-04-12,32.9,219.3,87.8,69.3,2.9,34.2,4.8,90.3,120.7,11.24,14.58,6.73,434.5,Moderate
2021-04-13,69.6,427.9,168.9,57.2,49.0,23.8,7.82,42.5,196.3,5.74,19.93,1.66,425.3,Moderate
2021-04-14,224.3,566.6,64.7,132.9,77.1,29.3,2.73,74.9,23.6,17.69,22.88,5.49,112.0,Good
2021-04-15,476.3,580.5,81.2,14.0,44.9,37.6,0.65,57.8,163.8,9.11,4.38,6.3,186.9,Good
2021-04-16,492.7,587.1,33.1,124.2,133.3,7.8,3.69,85.5,46.6,2.18,18.49,3.63,424.0,Very Poor
2021-04-17,280.9,278.2,110.4,51.8,93.5,26.7,4.23,7.2,194.9,8.35,29.91,2.24,406.2,Very Poor
2021-04-18,202.9,452.9,185.5,86.9,108.3,40.4,8.68,28.7,153.8,17.57,25.89,9.3,10.3,Very Poor
2021-04-19,353.7,483.6,16.7,41.9,230.2,30.0,5.3,35.9,42.6,3.0,23.78,1.8,231.6,Moderate
2021-04-20,80.6,58.8,75.8,121.6,233.4,4.8,0.23,20.2,156.1,12.46,20.47,7.15,455.2,Good
2021-04-21,7.6,343.4,121.6,139.5,143.1,11.2,8.44,23.8,90.9,3.36,17.23,4.12,333.7,Moderate
2021-04-22,79.8,287.3,30.7,142.4,31.6,32.4,0.01,15.7,125.2,16.72,14.76,9.52,0.6,Poor
2021-04-23,293.8,599.8,166.2,95.3,128.4,11.5,7.41,37.2,155.1,3.2,7.59,3.02,291.2,Good
2021-04-24,478.6,153.2,194.9,12.6,216.5,15.2,5.98,71.3,98.8,3.34,2.43,0.43,379.4,Satisfactory
2021-04-25,382.5,272.6,188.7,38.2,58.8,49.8,2.25,0.6,79.1,7.03,8.56,4.36,294.6,Poor
2021-04-26,43.2,566.1,121.9,11.7,242.7,22.7,4.53,85.2,80.6,10.33,29.2,8.18,157.7,Severe
2021-04-27,224.0,535.1,1.8,73.0,198.8,28.8,6.18,2.6,12.9,3.41,27.17,3.61,340.9,Good
2021-04-28,213.9,171.8,105.3,76.9,179.2,9.0,4.99,42.7,31.3,2.75,12.4,6.35,406.2,Very Poor
2021-04-29,305.0,427.7,168.0,21.9,64.6,19.5,1.97,78.3,150.4,2.42,8.11,8.08,195.9,Poor
2021-04-30,174.2,423.2,36.8,78.2,211.5,44.7,4.55,20.8,133.0,12.43,6.02,5.78,432.8,Good
2021-05-01,60.5,478.1,160.0,83.3,53.7,18.7,4.75,20.2,95.0,12.91,2.36,9.73,12.0,Good
2021-05-02,310.6,501.8,109.3,132.8,104.0,19.8,2.31,36.9,82.2,18.88,27.07,3.47,284.1,Satisfactory
2021-05-03,317.1,511.4,120.9,73.9,126.8,27.2,3.69,10.9,101.0,11.59,15.33,3.72,322.0,Very Poor
2021-05-04,85.4,146.6,83.9,135.6,188.1,3.8,5.69,54.7,167.4,11.89,8.83,6.92,21.1,Severe
2021-05-05,447.7,66.5,28.4,136.5,248.9,41.9,5.42,99.3,102.4,7.21,13.51,2.56,498.2,Moderate
2021-05-06,109.5,442.0,152.7,97.4,221.9,21.8,4.04,28.1,108.9,13.51,16.2,9.35,258.4,Severe
2021-05-07,243.5,155.1,93.0,68.7,225.4,8.9,4.08,73.3,48.7,10.33,7.73,7.94,466.0,Moderate
2021-05-08,312.7,546.8,58.7,35.6,127.7,26.8,9.69,38.4,74.3,9.31,24.48,3.85,83.9,Severe
2021-05-09,184.1,453.3,156.2,142.5,81.3,42.2,1.96,43.9,76.4,12.67,3.35,1.23,494.5,Severe
2021-05-10,34.0,423.9,86.8,142.8,170.9,37.5,7.29,6.7,196.4,7.14,10.62,1.0,300.5,Good
2021-05-11,260.0,51.3,64.4,111.8,181.2,28.3,9.86,41.0,84.3,14.29,21.55,1.11,338.7,Severe
2021-05-12,75.7,560.5,125.1,19.9,26.2,42.3,4.7,26.9,109.3,12.35,13.58,9.8,410.6,Poor
2021-05-13,104.4,45.7,169.6,33.7,13.6,43.6,1.74,28.7,121.7,12.56,8.4,2.38,490.4,Very Poor
2021-05-14,25.4,488.3,32.0,7.5,111.5,1.8,0.09,82.3,32.3,2.62,26.94,2.48,310.3,Satisfactory
2021-05-15,36.4,16.9,17.2,123.8,27.1,5.5,9.45,98.5,87.7,19.02,19.37,0.69,256.5,Satisfactory
2021-05-16,91.4,574.6,52.0,76.8,174.0,36.9,3.22,62.0,29.1,14.84,22.13,6.62,371.9,Satisfactory
2021-05-17,441.1,305.7,187.6,71.5,112.4,15.9,0.76,23.3,57.1,11.47,16.29,5.01,105.9,Moderate
2021-05-18,267.0,140.4,166.5,55.5,76.4,33.9,3.05,15.1,2.5,14.77,14.91,1.92,461.5,Good
2021-05-19,188.8,168.2,159.0,40.9,20.2,35.5,6.33,22.8,170.2,15.11,24.36,9.73,296.7,Good
2021-05-20,447.1,402.2,111.1,133.4,161.2,38.7,8.58,56.7,128.1,3.34,6.22,2.61,142.9,Satisfactory
2021-05-21,475.7,108.5,169.0,44.5,230.0,24.1,2.12,10.3,64.2,17.69,26.45,0.77,415.1,Moderate
2021-05-22,433.2,258.6,153.2,121.4,246.4,1.7,6.53,97.8,0.3,18.42,27.31,2.01,391.9,Moderate
2021-05-23,48.6,235.9,190.8,98.7,176.1,8.5,2.19,4.9,72.2,9.86,23.05,5.79,415.9,Very Poor
2021-05-24,87.3,523.6,63.3,64.9,72.3,30.7,6.35,53.7,75.2,16.47,13.52,3.9,495.5,Very Poor
2021-05-25,26.6,408.8,157.2,46.8,163.2,4.6,5.55,19.2,188.1,6.3,20.74,7.84,125.4,Poor
2021-05-26,153.1,231.5,40.4,40.8,143.8,44.9,9.29,5.7,4.2,15.17,7.29,3.25,161.0,Good
2021-05-27,440.3,63.6,75.3,112.5,23.3,19.6,6.66,85.5,134.6,6.33,29.98,6.01,352.8,Poor
2021-05-28,112.5,506.4,33.0,46.8,155.6,20.0,2.72,95.8,175.3,18.74,5.07,0.18,187.5,Moderate
2021-05-29,306.3,551.0,90.4,74.7,45.0,6.8,0.07,98.6,199.7,9.8,5.85,1.4,451.2,Very Poor
2021-05-30,400.6,200.4,176.0,142.5,194.6,19.9,1.28,88.7,86.7,7.27,8.58,2.14,20.6,Moderate
2021-05-31,362.0,299.3,129.2,33.9,147.9,4.3,2.75,36.3,117.7,18.03,0.71,6.9,110.4,Good
2021-06-01,416.8,404.3,25.8,52.0,10.6,42.1,6.68,56.7,190.8,11.76,27.69,8.25,323.0,Severe
2021-06-02,17.5,306.7,50.9,111.8,130.5,33.6,4.64,22.2,155.8,3.83,0.41,1.67,41.4,Severe
2021-06-03,409.2,228.1,60.7,108.2,143.9,6.9,4.27,92.0,131.6,19.37,0.73,2.19,173.0,Satisfactory
2021-06-04,415.0,129.4,105.1,62.5,106.5,43.3,2.7,75.2,77.3,13.41,16.69,1.45,181.8,Very Poor
2021-06-05,223.7,185.6,145.2,70.4,42.0,17.9,3.31,22.4,89.7,10.9,17.02,6.08,107.5,Poor
2021-06-06,261.5,36.7,43.7,119.5,232.8,35.2,6.76,46.8,88.5,2.39,17.5,4.27,44.7,Very Poor
2021-06-07,285.5,536.1,123.7,103.1,152.5,5.8,3.0,39.2,104.9,18.16,16.56,7.87,173.7,Satisfactory
2021-06-08,310.8,195.2,165.2,3.0,192.8,13.0,1.84,25.9,76.0,3.25,4.86,0.18,146.0,Satisfactory
2021-06-09,129.3,488.3,165.2,39.4,230.3,23.9,4.46,99.7,165.8,10.57,25.74,1.23,375.6,Poor
2021-06-10,454.0,594.2,90.7,75.3,43.5,10.6,3.6,96.4,161.9,10.23,0.47,5.27,85.9,Moderate
2021-06-11,212.2,522.1,7.8,109.7,38.2,1.5,6.52,48.3,125.7,8.92,17.44,4.54,272.8,Satisfactory
2021-06-12,319.5,160.4,87.0,15.4,225.5,42.7,5.96,39.3,9.5,14.92,19.22,6.03,233.4,Moderate
2021-06-13,390.4,5.9,45.2,62.4,83.7,39.6,6.52,39.6,187.6,10.51,21.33,1.2,19.5,Severe
2021-06-14,347.0,168.2,17.5,61.6,22.7,24.2,8.12,95.9,146.3,0.82,14.43,2.82,164.0,Moderate
2021-06-15,291.5,492.2,25.6,75.9,155.9,26.4,4.84,39.6,126.1,11.0,6.93,6.7,238.3,Good
2021-06-16,262.0,472.7,19.8,96.0,22.2,48.3,9.86,99.3,190.3,19.42,2.74,0.68,496.9,Very Poor
2021-06-17,353.3,219.4,183.7,101.3,108.7,12.5,4.66,14.0,177.3,8.78,1.5,6.86,343.3,Severe
2021-06-18,231.9,93.8,196.1,148.6,223.1,38.9,8.13,81.8,174.3,1.0,21.41,1.29,47.7,Very Poor
2021-06-19,274.0,38.3,177.7,127.7,89.2,2.7,3.03,54.7,172.7,14.5,29.21,0.83,131.7,Severe
2021-06-20,498.3,128.6,58.8,90.9,50.2,42.2,5.12,26.2,22.5,14.0,16.47,7.35,270.2,Moderate
2021-06-21,187.3,481.2,185.8,7.3,222.2,0.3,3.26,10.3,63.2,17.48,20.94,8.09,406.8,Moderate
2021-06-22,153.9,542.8,40.9,12.7,176.5,19.1,3.33,87.3,133.7,19.51,9.03,0.7,227.1,Severe
2021-06-23,68.6,479.0,165.3,28.4,200.3,14.9,1.08,81.7,166.4,0.32,29.28,8.32,266.6,Satisfactory
2021-06-24,10.0,58.6,56.1,107.0,15.6,47.5,7.41,66.6,169.3,18.12,13.48,6.87,132.1,Satisfactory
2021-06-25,386.6,431.7,166.6,58.3,189.7,4.3,8.86,42.9,182.9,2.37,9.22,9.79,336.2,Good
2021-06-26,292.7,430.2,14.7,62.5,225.8,32.0,1.3,59.3,87.3,3.79,15.87,7.65,94.6,Very Poor
2021-06-27,67.9,427.9,125.2,52.9,1.0,43.4,7.09,29.6,151.0,18.45,8.04,6.16,15.4,Very Poor
2021-06-28,421.8,36.6,56.2,39.0,152.6,18.6,0.06,82.1,166.3,9.69,6.33,6.42,183.6,Good
2021-06-29,473.7,346.8,78.1,107.3,86.4,34.6,5.8,68.1,31.3,4.71,14.12,7.71,369.3,Very Poor
2021-06-30,497.2,435.2,44.8,11.7,215.4,40.4,4.88,95.5,55.5,4.22,11.45,0.55,121.1,Very Poor
2021-07-01,458.1,368.6,174.6,104.0,22.2,20.5,5.93,6.3,182.4,13.34,5.67,2.13,337.9,Good
2021-07-02,180.8,536.1,157.9,118.5,188.8,4.7,8.73,45.7,100.4,7.38,2.24,9.11,324.5,Very Poor
2021-07-03,419.5,318.6,21.8,61.6,18.1,48.2,9.6,9.1,86.2,14.92,12.54,5.11,266.4,Severe
2021-07-04,302.7,391.3,169.3,48.6,229.2,0.5,4.13,52.8,185.0,6.43,26.29,8.1,321.5,Severe
2021-07-05,391.9,73.0,82.8,146.5,181.8,37.2,8.12,54.9,22.0,16.17,11.86,2.76,96.0,Moderate
2021-07-06,340.1,280.7,26.8,68.8,39.4,18.8,1.5,68.4,78.4,16.89,28.37,3.5,481.4,Satisfactory
2021-07-07,256.7,83.2,194.0,26.1,54.6,33.0,3.57,32.0,92.2,5.9,23.39,0.98,352.2,Satisfactory
2021-07-08,430.1,107.1,79.9,28.6,181.6,20.4,4.9,31.6,107.6,16.66,21.11,6.13,489.4,Severe
2021-07-09,195.0,225.4,184.9,31.7,201.7,15.3,9.77,60.0,194.6,7.54,4.37,8.53,182.3,Good
2021-07-10,487.9,299.3,168.8,10.9,206.1,31.7,1.72,4.5,177.7,8.4,25.27,0.15,332.1,Satisfactory
2021-07-11,266.8,548.5,79.9,121.7,30.0,8.7,3.81,97.8,12.7,8.22,28.68,2.08,36.3,Severe
2021-07-12,8.7,159.7,37.9,2.4,236.9,3.1,5.85,93.4,191.7,4.97,3.9,7.13,263.2,Very Poor
2021-07-13,430.6,343.0,191.8,6.7,169.2,14.4,3.31,96.4,144.6,13.8,16.97,5.38,427.4,Poor
2021-07-14,7.3,492.8,125.5,132.7,122.1,26.9,9.47,10.3,146.1,6.16,24.43,7.62,181.8,Poor
2021-07-15,154.4,273.3,90.0,63.4,112.9,10.9,3.2,28.6,163.6,15.02,23.37,2.72,182.1,Poor
2021-07-16,319.1,106.8,74.4,101.8,144.1,36.4,9.66,54.4,26.9,5.45,1.19,0.99,323.4,Satisfactory
2021-07-17,86.4,333.2,103.6,27.4,207.6,47.0,8.95,52.7,38.2,18.08,4.86,2.27,10.6,Poor
2021-07-18,249.7,212.9,177.6,81.8,5.0,17.3,2.2,84.4,83.0,7.2,16.55,6.49,362.4,Very Poor
2021-07-19,389.8,453.9,167.5,130.3,98.8,13.4,7.99,32.1,197.9,15.6,12.41,8.01,399.4,Poor
2021-07-20,205.5,142.7,75.2,96.6,115.7,34.8,8.41,94.1,132.6,16.62,26.97,6.01,497.2,Very Poor
2021-07-21,218.2,510.0,50.6,117.3,194.9,42.7,0.89,39.8,193.1,6.87,10.26,4.47,0.4,Very Poor
2021-07-22,254.9,339.6,65.6,144.4,204.6,47.6,9.49,63.2,24.1,16.31,17.54,7.7,191.3,Severe
2021-07-23,435.3,517.1,20.2,67.6,108.3,19.4,9.92,91.8,52.2,16.03,3.71,0.56,316.8,Satisfactory
2021-07-24,289.4,202.8,11.8,135.3,154.3,35.3,6.34,72.1,39.3,0.87,28.97,7.37,364.0,Poor
2021-07-25,313.7,297.7,146.0,79.5,208.5,27.3,9.55,73.7,52.1,10.9,5.44,4.68,142.7,Moderate
2021-07-26,263.6,53.2,49.8,93.3,24.5,48.2,9.32,27.5,16.2,6.83,27.88,3.66,401.4,Poor
2021-07-27,125.0,261.7,134.6,146.6,13.4,19.3,6.93,1.1,58.9,3.8,17.65,5.58,328.0,Good
2021-07-28,390.6,37.1,24.7,76.8,239.5,1.2,5.4,81.8,12.2,14.26,16.13,4.1,493.1,Moderate
2021-07-29,450.0,380.2,166.8,32.5,91.1,23.3,0.98,91.0,163.9,13.69,13.7,4.17,468.3,Moderate
2021-07-30,54.0,0.4,105.4,104.5,204.9,19.1,9.42,92.1,2.5,4.23,19.62,7.12,384.0,Satisfactory
2021-07-31,392.4,513.9,46.9,14.2,65.2,16.4,1.95,29.9,27.1,18.47,28.63,1.18,347.6,Poor
2021-08-01,8.3,378.2,133.3,117.7,39.9,39.9,1.9,95.6,7.5,11.8,23.77,9.36,459.4,Moderate
2021-08-02,104.8,489.7,149.0,88.1,234.2,46.6,4.11,69.1,162.3,13.19,25.97,5.22,224.8,Moderate
2021-08-03,301.5,16.1,21.7,135.6,37.8,25.4,7.72,46.6,45.3,12.35,24.62,9.32,334.5,Very Poor
2021-08-04,400.3,598.3,47.9,98.4,179.7,29.9,3.04,59.8,109.7,16.71,17.59,1.72,96.5,Severe
2021-08-05,175.4,177.3,16.4,21.3,65.1,25.3,3.27,51.5,16.1,0.7,10.71,3.62,2.8,Severe
2021-08-06,23.1,550.8,99.6,30.7,146.5,28.9,0.32,88.9,24.5,14.22,21.63,2.57,426.1,Severe
2021-08-07,454.3,121.8,105.4,66.6,74.8,21.6,0.91,44.3,95.8,9.13,18.32,6.47,292.9,Satisfactory
2021-08-08,272.0,9.3,89.1,78.4,44.2,32.0,1.32,29.9,156.9,8.27,25.61,2.19,366.7,Moderate
2021-08-09,37.0,73.8,67.4,144.8,122.3,15.9,9.84,46.1,173.4,7.47,24.24,5.11,336.8,Satisfactory
2021-08-10,492.0,220.2,185.6,130.5,39.3,41.0,9.01,58.5,199.3,17.06,12.96,3.45,341.2,Severe
2021-08-11,176.0,435.1,81.3,86.0,115.1,18.7,8.04,14.5,180.9,12.38,28.96,1.4,408.8,Poor
2021-08-12,37.0,178.3,7.8,81.0,170.3,47.3,5.33,71.8,57.0,0.44,28.06,3.83,319.1,Satisfactory
2021-08-13,62.9,345.8,74.6,0.2,225.5,18.4,8.59,15.8,5.5,2.41,2.35,8.17,309.9,Moderate
2021-08-14,447.3,14.9,77.2,4.2,95.3,39.9,1.43,69.0,71.9,16.92,29.02,9.28,188.6,Very Poor
2021-08-15,261.1,378.7,79.5,88.4,125.9,18.7,6.03,88.7,157.1,6.5,3.08,6.73,115.2,Severe
2021-08-16,492.7,357.7,108.8,85.6,148.6,15.0,0.58,89.9,142.8,15.64,8.37,0.08,433.4,Moderate
2021-08-17,329.5,411.1,58.3,85.3,125.2,34.6,7.17,74.8,21.8,10.03,27.02,0.89,32.8,Moderate
2021-08-18,383.3,308.5,126.2,44.4,60.6,38.0,9.19,79.3,113.7,12.17,4.76,9.04,426.8,Good
2021-08-19,488.5,310.2,134.0,87.9,42.9,12.4,7.89,58.0,31.3,3.62,21.6,6.57,14.0,Good
2021-08-20,330.7,7.5,100.0,88.2,99.8,41.4,4.17,34.1,199.2,12.53,26.17,4.4,142.6,Severe
2021-08-21,257.2,574.1,85.1,122.8,77.8,43.4,0.14,42.3,84.2,18.28,12.33,1.19,419.0,Severe
2021-08-22,396.1,23.1,127.6,69.7,167.4,22.0,0.12,54.8,132.6,12.05,2.37,7.47,414.7,Good
2021-08-23,171.6,7.6,4.0,135.3,211.7,34.1,9.97,31.2,5.3,6.75,26.43,7.39,252.6,Poor
2021-08-24,347.8,95.7,75.1,2.5,146.3,46.5,8.07,85.2,83.9,8.22,15.44,0.11,389.2,Severe
2021-08-25,403.5,461.7,40.0,28.2,136.9,19.5,7.18,8.4,153.8,15.72,23.77,7.35,35.1,Very Poor
2021-08-26,485.5,374.9,106.8,62.6,32.4,3.5,9.9,14.6,125.8,11.73,21.5,8.9,64.9,Moderate
2021-08-27,265.5,443.6,59.6,6.9,65.9,5.0,9.54,90.2,191.7,19.34,0.01,1.69,370.5,Very Poor
2021-08-28,84.0,28.2,37.2,58.6,195.5,36.8,9.78,44.6,193.1,8.76,2.3,7.71,121.9,Good
2021-08-29,287.8,476.5,106.5,58.7,74.1,7.2,2.46,14.0,152.2,15.68,1.24,4.67,322.8,Satisfactory
2021-08-30,401.5,515.5,114.0,63.6,63.0,21.8,1.34,81.8,72.6,18.68,13.34,4.94,282.1,Moderate
2021-08-31,286.4,148.3,46.9,55.7,13.8,24.3,5.91,14.3,156.5,8.12,16.4,3.12,274.4,Moderate
2021-09-01,365.3,203.7,194.6,52.3,63.1,37.6,3.09,83.9,182.4,14.21,18.46,3.39,136.8,Very Poor
2021-09-02,455.2,519.7,89.1,41.9,102.1,30.1,6.63,34.5,184.7,12.27,29.17,6.59,344.0,Moderate
2021-09-03,266.6,166.9,18.2,100.2,214.9,33.1,3.76,43.6,33.4,11.13,6.52,8.09,431.4,Good
2021-09-04,374.1,286.4,76.8,148.9,41.2,38.4,9.91,95.0,53.1,5.14,26.88,5.38,140.4,Satisfactory
2021-09-05,107.4,434.6,61.6,131.1,104.1,7.7,0.07,44.7,85.1,2.33,5.31,6.74,153.7,Severe
2021-09-06,349.9,414.8,74.4,72.4,112.7,44.7,7.34,30.7,156.4,18.63,2.53,8.04,130.7,Poor
2021-09-07,77.6,491.9,196.1,67.7,45.3,18.1,4.52,87.8,97.9,14.38,2.15,6.51,64.4,Severe
2021-09-08,424.4,314.9,126.6,104.2,82.2,17.6,0.95,19.3,61.7,8.19,3.9,8.84,21.6,Severe
2021-09-09,215.3,255.0,131.5,127.3,3.5,23.2,8.8,89.2,115.2,5.43,6.09,9.74,419.4,Moderate
2021-09-10,43.6,170.2,143.2,111.1,31.2,22.2,8.98,93.4,103.4,1.99,28.63,2.3,311.3,Moderate
2021-09-11,171.0,548.9,66.3,99.3,102.8,29.8,1.41,25.7,49.9,13.9,20.23,1.9,461.8,Satisfactory
2021-09-12,323.6,250.6,87.1,96.3,3.2,17.6,1.6,86.7,132.9,8.71,0.27,3.2,446.8,Moderate
2021-09-13,152.2,166.1,181.3,95.5,131.8,19.8,5.67,45.7,127.5,11.37,3.47,1.91,487.9,Poor
2021-09-14,149.7,132.3,100.0,19.8,32.0,26.2,3.3,2.0,113.8,5.27,17.26,1.99,195.4,Severe
2021-09-15,343.9,54.3,21.5,72.1,85.9,14.4,7.58,8.8,8.9,15.79,9.71,6.97,174.7,Poor
2021-09-16,385.3,422.3,198.5,3.8,212.3,22.5,8.74,59.1,92.0,5.27,27.78,7.62,84.0,Moderate
2021-09-17,471.6,538.3,59.3,113.9,115.5,4.8,7.93,46.2,162.5,4.48,16.62,1.92,22.8,Severe
2021-09-18,190.0,525.8,186.7,35.1,242.2,42.9,4.0,87.7,138.0,19.61,1.7,0.66,354.4,Severe
2021-09-19,208.7,139.4,30.8,101.0,122.9,41.5,7.26,24.6,45.9,13.59,26.55,3.01,17.6,Severe
2021-09-20,331.2,92.9,163.3,101.4,94.4,1.9,6.65,84.6,197.1,7.54,19.48,1.03,240.3,Severe
2021-09-21,365.9,236.0,69.0,81.9,28.6,42.9,2.35,45.1,182.7,7.12,3.59,8.31,371.7,Poor
2021-09-22,290.3,502.7,120.4,65.1,206.5,34.3,6.17,17.6,39.3,4.63,21.42,7.84,242.0,Moderate
2021-09-23,314.9,216.4,176.0,86.3,245.5,22.7,6.21,61.6,5.6,8.71,16.75,7.66,102.4,Moderate
2021-09-24,286.1,42.3,191.4,63.4,1.1,48.2,2.51,37.5,10.8,19.47,26.68,1.66,293.8,Poor
2021-09-25,22.3,587.3,128.0,55.6,94.7,25.2,0.13,49.0,120.0,14.22,19.38,9.98,351.7,Poor
2021-09-26,152.1,105.4,93.9,29.9,138.9,43.9,0.42,24.0,85.3,4.22,0.69,4.22,323.7,Poor
2021-09-27,7.4,344.1,157.3,33.2,139.8,14.8,7.48,18.5,15.7,10.77,25.2,5.82,20.0,Moderate
2021-09-28,3.6,44.1,75.7,91.0,108.7,34.8,4.33,94.1,172.6,13.25,19.91,4.24,182.5,Poor
2021-09-29,63.7,347.4,37.1,81.7,177.9,38.3,6.97,20.3,164.2,15.72,23.14,5.47,468.1,Poor
2021-09-30,158.6,290.0,131.2,7.6,46.8,8.5,2.65,73.1,169.3,12.88,29.17,7.22,330.0,Moderate
2021-10-01,209.1,53.0,106.6,69.4,60.5,31.1,8.97,89.4,117.8,3.67,22.44,1.25,213.1,Good
2021-10-02,217.0,226.7,17.8,9.8,36.1,37.2,7.16,62.7,180.3,19.9,22.58,4.23,128.6,Moderate
2021-10-03,248.7,543.1,130.5,90.8,66.1,16.4,5.25,77.9,101.1,8.11,19.55,3.87,382.0,Severe
2021-10-04,446.6,120.9,70.7,55.9,137.9,9.2,7.65,57.9,35.9,2.38,20.63,7.37,53.7,Satisfactory
2021-10-05,441.7,223.9,91.8,79.4,224.2,39.9,7.29,94.9,156.1,18.85,9.8,3.19,62.0,Good
2021-10-06,265.8,434.8,182.9,29.4,139.8,5.4,5.02,19.9,9.3,1.54,0.68,4.29,227.7,Very Poor
2021-10-07,152.6,71.3,22.2,54.3,65.2,40.1,8.51,53.7,178.5,5.65,3.25,6.52,119.9,Satisfactory
2021-10-08,335.2,137.6,65.4,44.4,119.5,6.3,1.93,95.8,178.1,0.72,4.12,6.23,282.0,Severe
2021-10-09,416.7,421.3,128.8,75.8,52.6,4.3,3.46,40.0,122.3,12.12,13.6,4.38,112.3,Very Poor
2021-10-10,120.8,476.4,177.5,62.6,181.8,28.3,2.21,83.8,132.9,3.68,24.0,9.82,348.6,Satisfactory
2021-10-11,382.9,84.6,122.0,109.8,22.3,6.0,6.45,19.1,67.3,16.87,26.61,0.88,162.9,Poor
2021-10-12,457.3,173.1,120.0,146.9,49.9,24.2,5.26,4.6,5.7,1.83,18.05,9.7,382.3,Good
2021-10-13,17.1,242.8,18.8,64.1,14.7,46.1,5.07,28.9,186.0,17.03,27.97,1.11,362.0,Good
2021-10-14,329.7,592.1,87.5,23.7,98.7,10.3,8.24,93.5,172.5,8.24,22.03,8.71,151.5,Poor
2021-10-15,328.5,449.2,195.7,92.5,138.3,26.5,7.17,13.2,88.7,2.68,1.15,6.51,474.4,Moderate
2021-10-16,10.1,153.3,107.8,110.3,243.9,4.8,3.36,34.4,91.2,3.86,10.89,2.65,242.5,Moderate
2021-10-17,397.1,149.6,81.2,111.0,81.3,31.8,3.97,11.9,19.4,0.99,6.63,0.48,121.8,Good
2021-10-18,210.9,83.9,19.3,34.1,128.3,39.9,6.06,57.1,83.7,17.68,1.23,9.51,72.6,Severe
2021-10-19,442.5,192.6,78.3,41.3,177.2,38.8,9.42,54.5,47.4,7.62,23.37,7.53,292.6,Poor
2021-10-20,255.9,63.8,14.9,102.1,23.6,23.9,0.52,71.0,66.6,1.15,27.64,10.0,100.2,Good
2021-10-21,2.7,552.0,98.9,129.4,74.4,11.7,7.47,89.3,39.4,15.23,18.08,2.92,246.4,Good
2021-10-22,260.1,516.2,39.8,136.5,215.7,35.2,1.53,26.6,17.2,16.23,1.9,1.29,442.9,Good
2021-10-23,100.4,541.7,173.5,2.3,5.2,3.4,9.57,30.4,55.4,8.13,13.36,8.14,209.9,Satisfactory
2021-10-24,401.4,491.6,122.7,55.9,214.8,6.7,7.4,56.4,23.2,13.66,17.16,4.33,135.7,Very Poor
2021-10-25,132.0,85.9,132.2,94.8,156.7,30.3,5.16,23.8,9.1,9.95,1.85,1.56,264.9,Good
2021-10-26,161.7,560.3,125.2,81.7,230.1,15.5,3.98,56.2,81.7,15.6,11.71,3.65,495.3,Good
2021-10-27,123.9,29.2,54.2,8.1,89.1,15.7,8.98,31.5,55.0,13.74,24.07,0.64,82.8,Poor
2021-10-28,25.1,457.8,150.6,45.8,25.6,28.9,1.76,89.5,143.0,0.33,6.84,3.86,136.6,Very Poor
2021-10-29,203.8,428.7,49.2,25.4,81.6,12.4,2.08,65.7,127.1,13.88,18.0,4.84,471.5,Poor
2021-10-30,195.1,331.7,52.0,103.0,176.0,22.1,4.74,39.8,66.9,17.25,5.36,7.4,283.8,Poor
2021-10-31,260.8,75.4,140.3,53.5,84.1,41.6,3.89,44.7,110.4,12.16,19.16,9.47,101.0,Satisfactory
2021-11-01,236.9,474.9,196.8,129.7,135.9,14.4,9.11,69.6,147.8,8.44,16.5,9.09,492.2,Poor
2021-11-02,107.0,118.6,150.7,19.9,178.8,37.6,4.55,46.8,57.1,11.8,0.2,5.62,269.0,Severe
2021-11-03,425.8,298.0,149.6,136.8,152.1,46.5,2.31,39.4,154.3,8.8,24.74,5.11,375.7,Severe
2021-11-04,171.4,440.5,187.1,136.0,112.3,39.8,5.18,63.7,37.6,10.56,21.92,5.06,289.1,Very Poor
2021-11-05,439.0,13.7,143.8,69.9,55.7,2.2,5.89,24.4,33.5,11.34,14.58,3.77,111.4,Severe
2021-11-06,282.0,240.5,124.0,18.1,130.9,3.9,4.05,0.9,113.2,19.94,18.74,1.53,255.3,Moderate
2021-11-07,55.2,4.9,124.3,133.8,211.6,18.1,3.27,68.6,110.6,15.45,19.53,5.94,106.3,Satisfactory
2021-11-08,285.3,361.7,37.0,46.1,22.3,32.4,1.14,82.9,13.9,9.71,28.69,9.76,165.4,Severe
2021-11-09,425.8,588.8,30.5,7.6,97.3,0.8,1.11,62.5,49.4,2.74,15.76,5.9,104.7,Poor
2021-11-10,456.7,562.8,151.3,104.6,186.1,14.0,0.13,60.7,176.9,7.3,8.7,7.31,416.3,Very Poor
2021-11-11,413.4,372.4,182.2,13.3,195.7,36.9,9.76,58.6,99.8,18.71,2.23,1.31,54.4,Good
2021-11-12,258.2,361.5,148.8,125.2,5.5,13.9,7.0,45.4,35.0,10.52,19.82,9.51,49.7,Satisfactory
2021-11-13,236.5,446.5,34.7,87.9,90.9,38.7,2.71,7.2,128.1,11.45,0.08,9.28,213.3,Satisfactory
2021-11-14,415.2,500.7,49.9,6.6,248.1,21.0,8.32,39.6,124.1,15.34,5.7,2.29,115.8,Poor
2021-11-15,147.4,103.8,45.6,2.2,131.2,47.6,8.21,78.0,104.6,19.9,16.0,3.71,249.7,Satisfactory
2021-11-16,66.6,96.0,130.9,92.3,39.3,28.5,6.25,54.3,78.1,17.93,2.68,8.17,435.9,Severe
2021-11-17,378.8,218.2,53.5,83.9,170.9,34.6,2.92,45.3,135.3,7.99,25.67,7.64,55.1,Very Poor
2021-11-18,214.2,386.3,6.7,20.7,160.1,4.2,5.34,33.3,68.2,18.21,7.03,9.39,201.4,Satisfactory
2021-11-19,101.3,66.8,168.3,147.7,125.7,47.3,9.04,55.4,38.7,9.16,0.79,1.11,435.8,Satisfactory
2021-11-20,484.6,342.4,108.0,38.6,125.3,6.4,9.83,5.9,175.5,5.97,2.38,6.9,347.3,Severe
2021-11-21,190.9,63.7,150.5,83.1,221.9,17.5,9.64,85.5,172.3,16.47,9.15,7.13,178.4,Satisfactory
2021-11-22,320.2,576.6,91.3,126.5,97.9,45.7,5.79,14.6,81.3,6.89,6.38,8.09,14.6,Very Poor
2021-11-23,256.9,342.6,126.3,78.0,224.1,31.9,9.45,57.5,84.3,12.6,29.88,7.1,325.1,Severe
2021-11-24,334.2,410.5,93.0,71.8,8.8,21.1,4.86,45.8,39.8,12.01,7.75,8.89,477.1,Satisfactory
2021-11-25,198.0,315.2,178.7,60.6,115.1,20.2,3.26,45.4,148.3,8.62,8.7,2.05,405.7,Satisfactory
2021-11-26,52.8,285.5,65.0,122.1,64.2,7.9,3.69,86.0,134.5,6.57,8.03,9.2,171.5,Satisfactory
2021-11-27,209.7,41.1,17.6,25.2,46.1,9.9,1.41,22.2,187.2,13.95,25.96,2.79,414.0,Satisfactory
2021-11-28,218.6,18.8,30.7,134.4,79.2,21.9,9.13,66.7,148.0,18.46,21.34,8.54,335.6,Severe
2021-11-29,376.0,329.5,56.9,18.0,50.5,44.3,7.83,42.1,38.5,18.53,10.97,3.99,90.4,Severe
2021-11-30,210.5,549.8,177.6,73.3,117.7,27.6,9.4,72.1,55.3,2.2,15.65,8.18,181.6,Moderate
2021-12-01,377.0,599.5,69.9,93.0,12.0,6.5,0.87,89.0,93.9,15.25,6.54,6.91,135.2,Very Poor
2021-12-02,377.9,190.9,165.1,10.1,221.4,24.6,10.0,37.9,7.6,14.84,2.81,3.86,44.0,Poor
2021-12-03,351.5,414.0,126.5,100.3,236.2,2.4,5.11,2.9,180.3,1.06,11.8,5.83,323.1,Poor
2021-12-04,220.1,128.4,196.8,125.6,161.1,24.0,5.48,59.7,165.1,10.5,22.72,9.63,51.2,Severe
2021-12-05,300.3,361.1,34.3,101.3,94.8,31.5,6.27,93.8,53.0,13.28,8.89,0.11,213.9,Good
2021-12-06,88.9,33.7,102.5,66.9,134.9,17.8,1.54,13.2,122.9,8.53,15.76,4.35,98.2,Poor
2021-12-07,458.3,572.7,50.4,14.0,0.4,8.8,7.02,35.3,176.7,14.29,10.54,5.41,80.6,Severe
2021-12-08,58.0,95.4,33.9,93.1,85.4,48.4,6.97,96.7,153.3,18.22,2.8,0.56,209.1,Moderate
2021-12-09,265.8,24.5,146.3,136.1,100.6,5.8,7.29,87.1,43.5,13.93,10.34,7.92,184.2,Moderate
2021-12-10,400.2,435.7,27.9,128.0,221.3,24.7,3.35,22.1,170.9,2.91,20.43,0.55,403.6,Very Poor
2021-12-11,133.3,62.4,85.3,89.7,162.4,19.1,2.21,92.0,36.5,10.6,28.85,8.97,96.2,Satisfactory
2021-12-12,119.6,459.3,167.2,72.0,122.8,12.4,1.83,95.1,95.2,12.52,25.31,7.77,28.3,Moderate
2021-12-13,319.7,382.3,73.6,79.4,178.8,42.8,8.67,13.7,96.1,3.51,9.17,5.75,345.5,Moderate
2021-12-14,304.5,353.7,135.9,37.5,40.9,9.6,6.8,97.7,27.2,5.47,24.93,4.09,370.9,Very Poor
2021-12-15,305.2,34.2,72.9,110.2,104.7,15.3,3.13,6.9,38.5,11.06,9.3,8.37,370.1,Poor
2021-12-16,293.3,64.9,18.8,24.5,7.7,17.7,7.16,86.0,182.5,6.38,22.77,0.12,162.3,Satisfactory
2021-12-17,59.7,213.8,162.5,30.1,221.0,33.7,7.65,97.4,106.0,19.35,7.04,2.43,300.2,Poor
2021-12-18,369.3,121.3,62.2,111.4,48.8,29.5,6.73,12.6,130.2,1.02,9.57,8.35,479.8,Good
2021-12-19,55.1,528.4,135.4,46.3,195.8,24.6,7.4,41.3,162.5,6.41,2.0,3.95,93.7,Very Poor
2021-12-20,58.9,34.4,170.8,118.9,58.3,39.3,1.14,99.9,10.8,1.89,19.2,6.61,448.1,Severe
2021-12-21,387.3,587.4,26.4,83.4,218.3,9.2,1.33,52.8,122.9,9.92,14.81,7.19,22.1,Moderate
2021-12-22,178.4,351.5,115.1,118.3,51.4,6.4,8.9,44.2,103.4,14.08,10.83,4.42,485.8,Moderate
2021-12-23,452.5,556.4,120.1,44.7,45.9,26.5,2.14,65.6,18.9,7.9,26.01,4.05,25.9,Moderate
2021-12-24,17.8,55.2,135.2,12.1,173.5,44.4,8.29,58.2,80.2,4.16,3.18,0.6,357.3,Very Poor
2021-12-25,252.0,24.3,27.3,86.9,191.4,42.3,4.85,9.9,172.9,12.17,11.29,5.14,253.4,Severe
2021-12-26,413.7,549.9,71.6,110.0,47.3,25.6,9.84,77.5,60.6,18.84,28.29,5.65,413.9,Moderate
2021-12-27,387.1,551.2,107.4,9.1,223.9,18.5,9.52,1.5,118.0,18.87,21.75,7.49,451.7,Good
2021-12-28,26.8,7.9,186.6,2.2,162.2,29.3,6.25,3.4,178.2,17.62,11.8,6.3,124.8,Severe
2021-12-29,346.7,229.1,189.1,120.1,30.4,28.0,4.05,83.1,102.9,19.77,23.26,8.73,343.2,Moderate
2021-12-30,481.8,223.9,120.7,30.2,127.4,6.0,2.16,65.6,54.7,17.63,14.95,7.66,435.5,Severe
2021-12-31,78.7,304.4,169.4,59.3,136.4,35.7,0.44,40.2,152.3,10.53,12.8,6.31,34.0,Very Poor
2022-01-01,111.9,265.6,157.7,21.3,170.4,11.5,2.11,26.3,49.2,13.16,5.23,7.87,379.3,Good
2022-01-02,91.6,222.3,73.4,69.3,79.7,26.1,2.67,42.7,69.5,7.45,13.97,6.69,41.2,Satisfactory
2022-01-03,128.3,294.0,127.6,18.8,91.6,18.0,5.84,43.2,51.0,16.98,13.14,9.88,340.9,Moderate
2022-01-04,169.1,263.2,180.2,20.3,161.3,35.8,1.51,89.0,71.2,18.84,7.12,1.1,492.3,Satisfactory
2022-01-05,296.2,395.9,137.1,14.7,35.2,37.9,2.91,13.7,106.7,16.26,5.81,8.87,127.3,Good
2022-01-06,234.0,0.6,1.8,66.1,226.5,25.8,9.06,50.1,163.3,8.43,25.52,5.8,26.3,Poor
2022-01-07,319.7,305.0,31.9,37.5,203.6,35.0,6.4,54.3,108.6,14.36,5.59,9.95,195.2,Poor
2022-01-08,98.6,506.1,129.1,104.7,225.9,5.7,9.61,41.0,145.4,17.72,6.92,7.36,214.9,Very Poor
2022-01-09,456.4,72.5,140.0,146.9,8.9,6.1,6.8,42.2,178.4,4.35,5.76,5.46,384.3,Good
2022-01-10,355.6,367.4,189.2,113.1,81.3,11.5,7.17,39.7,116.2,4.07,14.23,7.05,359.8,Very Poor
2022-01-11,301.1,592.0,73.5,33.3,41.7,48.6,2.58,0.3,133.9,4.22,23.56,7.82,324.8,Good
2022-01-12,332.4,524.5,42.9,19.0,23.2,31.7,1.42,80.9,55.0,19.89,13.06,4.72,20.1,Good
2022-01-13,162.2,87.3,187.0,146.8,64.2,37.2,4.23,58.2,144.4,16.12,28.81,8.15,436.6,Moderate
2022-01-14,312.1,318.7,171.3,118.1,38.9,21.8,5.4,86.0,128.9,2.24,28.66,6.21,162.1,Good
2022-01-15,111.7,311.2,8.5,7.8,85.8,40.5,5.55,26.7,131.4,12.41,18.56,2.68,337.1,Poor
2022-01-16,365.2,363.8,9.5,62.7,149.9,39.0,0.19,97.6,132.6,17.77,7.04,4.54,293.3,Satisfactory
2022-01-17,240.9,225.4,80.6,52.2,100.3,11.6,0.02,45.0,72.4,0.35,20.76,0.77,226.2,Severe
2022-01-18,193.2,227.3,92.5,89.1,28.8,1.3,0.94,93.3,51.3,5.21,24.09,8.62,35.0,Moderate
2022-01-19,454.9,405.7,65.0,33.1,22.2,16.5,3.92,88.7,186.8,0.65,20.11,6.15,309.2,Very Poor
2022-01-20,263.8,193.5,69.6,88.4,141.6,6.3,0.17,1.4,191.2,14.45,24.13,3.08,1.5,Very Poor
2022-01-21,150.4,408.2,30.1,124.8,123.3,42.0,7.53,55.4,145.2,10.87,19.79,3.74,72.7,Good
2022-01-22,151.7,599.0,112.9,116.0,30.1,15.2,1.28,73.1,81.7,14.73,16.21,1.03,386.4,Severe
2022-01-23,351.8,18.4,152.5,120.4,80.9,24.3,6.11,74.4,147.4,13.77,1.22,7.44,9.7,Very Poor
2022-01-24,331.9,30.3,29.4,116.8,16.3,11.1,2.39,5.5,23.5,15.39,14.25,3.15,483.9,Satisfactory
2022-01-25,243.4,56.8,78.9,140.3,101.4,21.2,6.39,60.9,188.3,5.15,29.07,0.02,369.5,Good
2022-01-26,403.9,583.5,176.5,91.7,180.1,38.0,9.37,76.0,65.9,12.81,1.32,6.7,354.6,Moderate
2022-01-27,189.5,105.7,78.1,122.0,192.3,0.4,7.61,42.1,55.6,19.89,24.96,5.4,176.8,Poor
2022-01-28,170.1,67.2,141.2,113.4,4.4,27.6,2.9,92.4,122.8,10.21,4.4,6.94,112.1,Severe
2022-01-29,482.0,470.1,61.2,130.2,70.3,40.5,6.26,21.6,158.2,7.44,18.89,9.14,110.4,Good
2022-01-30,354.8,389.4,1.1,76.6,146.7,30.2,3.55,62.6,199.9,18.98,19.25,0.92,238.9,Moderate
2022-01-31,377.8,212.6,129.3,30.7,171.7,47.0,0.39,39.9,88.1,5.51,19.95,9.84,182.9,Poor
2022-02-01,416.3,288.0,23.1,127.1,234.1,40.6,6.84,95.5,186.5,18.39,15.79,1.5,336.9,Poor
2022-02-02,219.1,465.7,92.7,1.8,138.4,27.1,8.27,98.1,21.4,0.87,16.02,9.59,270.9,Moderate
2022-02-03,209.4,323.0,163.2,122.9,202.2,18.3,2.05,18.2,54.1,9.49,25.74,0.55,281.3,Very Poor
2022-02-04,342.1,345.0,86.4,118.2,139.4,15.6,1.48,87.5,118.4,4.25,22.45,9.26,418.5,Severe
2022-02-05,76.5,589.3,97.7,51.3,213.4,41.2,8.72,21.8,159.1,0.14,27.41,7.69,469.1,Good
2022-02-06,212.3,356.6,1.2,1.7,186.9,37.4,9.81,36.4,92.8,6.66,13.68,8.97,402.9,Severe
2022-02-07,477.7,46.8,77.5,25.7,10.4,22.4,1.26,58.0,193.4,7.42,1.35,4.52,13.4,Very Poor
2022-02-08,257.8,235.8,106.9,48.1,72.6,42.0,4.42,63.1,118.4,3.41,18.44,8.66,126.1,Good
2022-02-09,348.7,132.6,192.1,139.6,228.9,1.6,5.94,56.1,76.5,11.65,13.91,3.8,285.6,Moderate
2022-02-10,388.3,199.2,13.0,43.6,166.9,45.1,0.6,80.5,85.5,15.69,2.17,0.71,34.9,Moderate
2022-02-11,277.1,326.9,4.9,20.8,55.2,11.0,8.43,82.6,86.3,1.83,12.85,0.03,58.1,Poor
2022-02-12,197.1,323.9,180.1,123.0,217.2,5.5,5.8,20.2,41.3,17.72,2.66,5.74,429.3,Satisfactory
2022-02-13,190.0,385.0,102.1,139.9,240.3,27.9,9.35,0.5,90.0,17.89,11.38,5.82,200.6,Good
2022-02-14,326.0,169.0,28.6,0.0,51.0,34.6,0.88,3.4,26.3,18.12,26.43,6.22,159.3,Moderate
2022-02-15,210.0,121.4,12.7,96.8,55.2,39.3,2.14,77.7,53.8,0.84,25.31,0.47,261.8,Good
2022-02-16,294.1,157.3,48.4,108.0,206.4,48.8,1.3,83.6,9.8,10.81,18.6,8.09,464.2,Very Poor
2022-02-17,464.8,238.6,76.3,117.5,142.4,34.5,7.84,53.3,135.5,15.88,14.93,0.94,329.8,Severe
2022-02-18,463.5,291.1,181.5,149.0,97.1,41.5,5.4,16.3,115.5,19.85,26.05,5.38,268.4,Poor
2022-02-19,342.3,22.9,30.0,60.2,203.2,21.9,2.65,95.8,165.4,9.75,16.47,3.05,51.0,Moderate
2022-02-20,231.3,55.2,147.5,129.2,13.7,28.8,7.85,48.9,91.4,8.22,8.01,6.94,375.4,Good
2022-02-21,348.8,431.6,183.5,61.2,119.5,17.4,6.14,6.4,25.8,9.07,16.42,0.59,494.0,Satisfactory
2022-02-22,106.6,447.8,197.9,135.4,169.1,22.0,4.47,16.4,48.7,8.85,2.54,1.27,391.8,Satisfactory
2022-02-23,406.5,199.9,59.0,138.0,74.1,17.9,4.42,94.8,179.2,7.76,20.96,6.01,366.6,Very Poor
2022-02-24,377.1,368.0,80.3,82.3,240.5,40.8,7.59,67.4,129.0,10.96,21.5,5.71,212.2,Good
2022-02-25,48.0,470.4,68.5,121.1,71.0,38.4,1.84,20.9,139.7,13.32,16.09,1.87,305.4,Poor
2022-02-26,83.6,261.8,81.9,32.4,114.5,14.0,1.5,55.8,68.8,2.65,15.38,8.31,17.2,Poor
2022-02-27,131.6,98.5,20.8,109.8,3.1,31.1,3.91,82.9,55.7,11.33,18.64,2.9,487.4,Satisfactory
2022-02-28,313.5,592.7,173.1,149.9,156.4,46.3,4.44,16.8,184.8,14.55,10.87,1.52,0.7,Severe
2022-03-01,300.2,374.7,156.0,27.0,52.1,5.9,9.44,82.9,86.7,6.71,18.84,3.44,83.5,Good
2022-03-02,129.5,269.0,163.6,144.3,82.3,48.6,5.25,42.7,148.8,4.2,28.37,1.24,398.1,Severe
2022-03-03,98.9,97.1,63.1,38.4,193.5,3.4,4.36,8.4,167.2,2.64,27.9,9.53,149.3,Very Poor
2022-03-04,66.1,462.1,44.9,95.8,156.3,33.0,3.12,18.8,132.0,4.96,5.61,9.66,135.3,Moderate
2022-03-05,150.0,233.8,61.6,68.5,130.1,28.4,2.6,57.4,176.0,7.38,2.27,4.67,216.4,Moderate
2022-03-06,265.4,293.8,84.5,143.9,113.6,48.7,2.5,65.2,193.1,19.34,27.35,2.87,368.9,Very Poor
2022-03-07,103.3,17.4,72.2,90.9,26.0,46.5,7.29,23.0,62.8,10.29,29.42,5.96,412.2,Poor
2022-03-08,360.0,222.7,9.9,26.8,54.6,37.2,3.77,62.1,155.4,18.4,26.26,8.86,441.3,Very Poor
2022-03-09,397.5,151.3,44.3,26.4,88.9,47.8,6.3,14.7,16.2,2.28,23.12,5.69,200.8,Moderate
2022-03-10,26.6,360.9,109.6,118.7,108.1,2.8,7.65,67.3,2.5,19.08,2.61,0.24,144.3,Satisfactory
2022-03-11,331.5,89.7,148.5,106.4,99.8,4.0,9.4,22.7,117.0,19.42,28.55,2.29,222.9,Very Poor
2022-03-12,384.3,318.2,91.6,52.2,156.1,50.0,6.64,13.7,84.4,12.6,13.88,2.92,35.4,Poor
2022-03-13,414.9,293.5,181.3,43.5,65.5,36.0,2.06,88.5,93.5,5.89,2.35,0.89,410.8,Satisfactory
2022-03-14,409.4,422.5,10.9,49.7,200.8,13.3,1.38,94.2,135.4,5.41,10.66,9.66,120.6,Poor
2022-03-15,207.1,206.4,126.4,48.6,115.1,1.8,8.84,97.8,32.9,0.42,10.11,0.77,0.6,Severe
2022-03-16,423.9,217.0,170.6,70.1,203.4,18.3,3.68,95.3,167.3,9.17,18.91,8.47,349.8,Poor
2022-03-17,468.6,193.6,4.6,23.4,135.5,43.0,1.48,75.0,91.9,19.81,15.65,2.73,19.1,Poor
2022-03-18,274.1,117.5,138.7,37.5,40.8,19.4,0.45,73.6,90.0,19.67,11.19,7.05,119.1,Severe
2022-03-19,329.2,63.3,164.2,34.9,144.6,30.8,6.63,28.6,129.8,14.13,9.0,1.91,380.0,Severe
2022-03-20,154.7,149.4,119.9,136.0,215.9,23.1,5.3,78.5,109.8,14.81,16.56,4.79,0.7,Very Poor
2022-03-21,206.9,173.4,125.7,34.5,169.8,46.0,8.32,65.1,30.8,14.53,20.92,3.79,415.5,Moderate
2022-03-22,93.5,407.4,22.8,147.5,202.8,36.4,6.54,14.1,175.8,17.53,15.26,6.66,71.2,Poor
2022-03-23,131.7,486.3,93.4,136.4,89.8,38.8,4.87,48.5,58.1,0.69,7.87,3.89,449.8,Good
2022-03-24,485.7,515.0,1.3,92.6,3.7,1.8,8.11,32.8,107.6,12.06,29.3,7.96,249.6,Good
2022-03-25,69.0,142.5,27.6,5.2,73.7,34.6,6.07,45.7,41.9,14.4,9.84,9.3,241.4,Moderate
2022-03-26,329.4,150.8,88.1,103.9,85.7,25.7,7.17,1.7,34.3,7.36,9.85,0.9,30.9,Satisfactory
2022-03-27,363.5,9.7,32.2,97.8,47.4,26.9,6.24,7.9,144.1,3.23,18.41,9.8,38.8,Poor
2022-03-28,12.2,589.3,125.9,104.7,217.4,29.5,4.17,56.2,180.0,15.06,14.5,6.55,370.8,Very Poor
2022-03-29,367.4,425.8,108.0,120.5,61.2,31.0,7.79,6.5,35.7,18.06,4.21,4.78,202.9,Very Poor
2022-03-30,300.8,15.9,116.1,134.1,248.2,26.3,9.38,63.0,118.8,1.19,9.55,9.25,460.8,Very Poor
2022-03-31,297.2,349.7,163.8,136.2,38.6,22.5,9.54,24.7,100.7,14.82,14.79,6.81,304.4,Moderate
2022-04-01,180.5,594.5,113.2,42.9,24.9,32.5,6.72,85.7,170.8,10.33,29.47,9.57,438.7,Satisfactory
2022-04-02,26.5,60.3,166.8,28.1,86.6,14.3,2.19,52.9,68.9,1.03,15.04,7.72,401.2,Poor
2022-04-03,415.0,120.4,147.6,87.8,108.0,11.3,3.72,89.9,110.3,6.66,26.51,7.75,479.2,Very Poor
2022-04-04,438.7,468.8,182.4,83.2,121.3,20.1,0.95,29.9,55.3,5.11,15.19,3.16,249.8,Severe
2022-04-05,242.9,42.9,160.5,61.1,91.5,27.4,3.27,85.0,89.9,16.02,9.82,6.42,450.2,Very Poor
2022-04-06,481.2,281.2,21.4,120.8,5.7,34.5,0.87,42.8,88.8,6.85,17.12,1.01,353.7,Good
2022-04-07,361.1,198.2,152.8,24.8,186.7,15.9,7.28,36.8,99.6,18.18,0.17,0.46,316.8,Satisfactory
2022-04-08,196.7,210.8,134.2,30.4,239.2,20.0,3.8,51.4,178.5,10.06,18.86,0.94,275.9,Poor
2022-04-09,83.7,57.4,138.7,99.5,215.5,17.6,4.68,47.0,47.0,5.69,9.13,5.32,222.6,Severe
2022-04-10,469.7,79.3,111.9,136.9,174.4,11.9,5.0,34.8,196.2,19.99,17.38,1.17,125.4,Severe
2022-04-11,108.8,138.5,143.5,131.2,209.0,37.8,3.0,4.8,97.3,8.44,0.56,9.63,231.3,Satisfactory
2022-04-12,485.7,296.6,119.0,82.4,121.4,36.9,5.18,27.2,82.2,2.77,28.96,2.92,34.8,Very Poor
2022-04-13,234.5,234.0,172.6,91.0,180.7,3.9,5.11,97.2,31.2,16.6,18.24,2.81,228.2,Very Poor
2022-04-14,39.5,351.4,177.4,123.7,202.7,41.9,3.64,10.8,186.3,16.77,25.16,9.78,391.2,Very Poor
2022-04-15,27.5,348.3,174.5,148.3,44.3,19.8,4.04,5.6,146.4,9.09,15.48,3.72,147.3,Poor
2022-04-16,316.5,206.2,197.6,67.2,151.5,39.7,8.23,82.1,30.0,12.27,21.55,4.47,205.0,Satisfactory
2022-04-17,475.3,180.9,72.3,43.5,109.6,0.4,9.14,23.3,183.2,13.12,10.03,2.77,160.6,Satisfactory
2022-04-18,182.8,462.3,52.6,137.2,117.1,30.3,0.39,38.9,132.8,13.03,19.55,7.02,495.1,Good
2022-04-19,493.9,103.9,41.3,144.4,207.6,39.1,8.41,13.9,13.3,13.56,3.86,0.25,457.3,Good
2022-04-20,133.8,549.3,103.4,149.7,196.8,21.3,1.55,98.1,168.8,10.86,29.77,4.21,74.3,Poor
2022-04-21,63.3,485.8,75.5,69.7,107.2,22.0,9.65,91.8,179.9,18.86,15.21,0.4,118.6,Moderate
2022-04-22,294.4,576.6,172.5,106.1,67.3,13.7,0.07,26.3,11.7,9.81,21.94,3.54,305.7,Poor
2022-04-23,306.8,371.2,138.3,113.7,70.2,3.1,3.9,54.7,105.1,6.35,11.68,6.29,378.0,Satisfactory
2022-04-24,204.7,268.0,77.6,80.0,144.8,48.7,6.79,28.3,66.3,9.42,27.62,5.76,71.8,Good
2022-04-25,474.1,567.2,2.9,21.3,38.1,5.3,5.94,67.2,130.1,5.88,12.19,5.83,73.6,Moderate
2022-04-26,469.2,89.3,135.1,64.3,234.0,18.2,1.65,5.7,191.6,8.88,20.55,2.11,332.7,Satisfactory
2022-04-27,183.6,3.6,35.3,0.0,163.0,44.2,3.46,56.7,102.1,17.41,11.05,2.71,160.8,Very Poor
2022-04-28,471.0,159.2,151.0,69.3,238.2,6.0,1.06,14.9,56.2,12.11,9.85,4.51,409.2,Very Poor
2022-04-29,353.9,453.2,50.1,107.4,76.7,49.6,8.59,56.7,70.9,13.72,3.78,4.62,280.4,Good
2022-04-30,302.7,345.1,180.4,59.0,234.5,39.6,8.17,78.3,48.5,3.83,26.08,4.27,402.7,Good
2022-05-01,305.2,18.5,100.6,81.6,86.7,38.6,1.15,35.1,103.2,19.1,25.14,8.01,27.5,Good
2022-05-02,414.4,321.8,120.8,54.1,60.3,11.7,5.65,11.9,134.9,14.62,6.66,3.28,355.0,Moderate
2022-05-03,367.8,258.0,30.5,143.7,30.6,20.0,9.41,42.2,110.4,17.29,23.26,9.37,159.7,Satisfactory
2022-05-04,131.5,399.1,174.0,83.3,59.8,9.2,1.87,77.7,108.7,18.89,15.1,8.17,161.5,Satisfactory
2022-05-05,86.9,200.3,8.9,29.0,213.3,27.3,9.82,74.4,3.7,12.88,24.52,0.98,321.2,Satisfactory
2022-05-06,471.9,550.3,193.7,37.7,96.3,3.8,9.21,16.8,169.4,6.74,29.39,0.96,308.1,Severe
2022-05-07,90.4,258.1,16.2,75.7,50.9,33.3,0.74,35.6,34.9,11.54,15.95,4.6,233.3,Moderate
2022-05-08,19.7,363.1,138.3,113.7,132.1,8.1,8.47,91.4,159.3,0.33,23.51,0.8,489.1,Moderate
2022-05-09,425.7,218.7,24.9,129.7,109.7,22.9,1.78,16.3,170.7,13.03,27.26,1.88,7.8,Good
2022-05-10,251.7,9.3,161.5,135.4,229.3,35.0,4.44,98.5,177.6,2.94,28.67,8.88,42.6,Good
2022-05-11,267.2,321.4,53.0,59.6,197.9,11.8,7.15,3.5,69.8,16.32,9.05,3.66,336.8,Severe
2022-05-12,371.6,376.3,175.4,23.5,18.0,0.4,5.89,45.3,41.8,13.58,8.12,2.51,187.3,Satisfactory
2022-05-13,73.8,412.5,100.7,77.7,114.8,24.8,6.76,62.3,31.3,17.56,1.4,0.42,10.7,Satisfactory
2022-05-14,344.4,486.1,111.3,4.6,125.7,21.5,8.64,18.8,77.5,0.18,11.55,4.1,474.3,Very Poor
2022-05-15,320.8,449.8,129.3,98.6,165.0,41.7,4.86,80.2,43.8,13.57,9.2,8.1,281.3,Satisfactory
2022-05-16,51.4,74.0,53.5,71.9,104.2,7.8,5.57,39.4,57.6,3.63,13.64,8.57,63.8,Poor
2022-05-17,311.9,590.9,150.0,142.8,182.7,33.5,5.81,49.8,170.0,15.06,17.59,1.74,459.2,Good
2022-05-18,497.6,289.7,91.9,41.6,121.4,29.8,2.2,63.2,166.0,14.91,26.05,6.33,312.7,Satisfactory
2022-05-19,74.3,98.1,114.7,103.0,49.3,5.9,3.64,90.7,145.7,2.16,6.25,3.9,93.8,Very Poor
2022-05-20,485.5,406.0,179.3,10.9,249.3,13.0,7.27,33.8,140.2,2.77,5.89,0.63,143.5,Very Poor
2022-05-21,68.5,503.3,11.1,77.8,39.4,18.9,5.18,98.1,115.2,17.17,21.24,1.74,461.1,Good
2022-05-22,182.4,14.8,99.4,35.6,17.9,26.6,9.96,91.8,170.4,15.29,1.35,1.22,423.4,Severe
2022-05-23,272.7,111.0,174.5,89.6,24.0,16.8,7.2,8.4,0.9,8.02,11.55,1.4,399.0,Good
2022-05-24,457.2,63.4,163.4,145.6,9.8,45.9,5.77,58.9,77.7,2.84,23.59,5.6,296.0,Moderate
2022-05-25,77.0,106.8,64.6,15.7,160.8,48.7,1.61,33.9,162.3,11.38,22.27,4.14,104.8,Severe
2022-05-26,496.9,416.1,166.8,54.6,72.4,36.1,1.37,35.7,119.4,3.08,21.87,6.42,299.7,Severe
2022-05-27,306.3,133.6,59.8,86.1,141.1,36.7,3.99,12.4,101.3,7.27,14.91,8.29,369.1,Moderate
2022-05-28,391.5,596.7,22.7,5.0,155.8,32.5,2.82,81.3,5.0,3.45,15.84,3.48,82.9,Severe
2022-05-29,429.6,175.3,15.3,39.4,33.7,26.3,1.31,62.1,2.5,1.53,19.14,6.44,106.0,Poor
2022-05-30,141.1,352.4,106.6,29.3,227.1,43.3,0.51,38.9,103.4,18.5,18.73,4.87,285.3,Good
2022-05-31,248.7,184.3,44.0,29.9,210.2,3.2,0.06,13.9,90.7,6.34,19.02,8.31,78.0,Severe
2022-06-01,292.8,158.9,28.9,57.2,178.7,22.3,4.73,4.9,103.0,14.48,11.45,3.65,42.0,Very Poor
2022-06-02,165.7,54.2,41.4,133.7,180.6,46.0,0.34,41.1,103.6,2.0,17.1,9.5,300.7,Good
2022-06-03,235.9,388.7,149.4,101.0,75.8,9.0,5.53,86.1,156.9,16.89,1.26,2.82,284.5,Moderate
2022-06-04,421.0,190.6,170.6,65.2,230.2,41.6,4.45,59.8,37.3,15.03,22.96,9.97,469.8,Poor
2022-06-05,343.7,428.6,109.8,76.0,109.2,6.2,2.01,68.3,35.0,11.63,19.6,9.64,39.4,Very Poor
2022-06-06,405.8,337.4,172.9,99.9,89.9,1.0,3.12,25.0,25.1,6.18,21.04,1.61,1.9,Severe
2022-06-07,195.5,579.7,175.9,38.0,4.9,10.3,4.57,46.0,157.3,1.93,14.62,2.79,139.3,Very Poor
2022-06-08,356.9,238.0,196.4,135.0,1.7,41.0,1.82,66.9,198.0,15.3,4.39,7.89,267.6,Severe
2022-06-09,197.6,99.0,90.2,29.7,137.3,44.7,9.31,41.4,188.3,19.01,25.98,3.18,100.0,Moderate
2022-06-10,243.4,307.3,146.7,48.6,34.6,30.7,0.93,85.2,47.5,10.65,2.06,0.92,441.1,Poor
2022-06-11,132.6,404.8,164.0,134.1,152.3,28.9,5.5,46.0,95.0,19.67,4.29,8.21,18.5,Very Poor
2022-06-12,16.1,292.0,197.5,113.6,151.9,12.0,8.98,94.0,64.7,17.96,9.76,1.66,147.9,Good
2022-06-13,327.9,565.1,7.9,1.9,85.7,34.2,7.87,3.1,113.7,16.53,28.22,4.56,468.9,Poor
2022-06-14,440.9,149.9,104.1,74.6,173.9,2.4,5.9,59.7,25.7,4.46,3.79,8.84,183.0,Very Poor
2022-06-15,88.0,110.4,185.1,146.7,215.0,15.8,3.45,72.6,12.8,4.91,28.6,8.26,34.3,Moderate
2022-06-16,267.6,26.1,78.8,126.8,168.2,14.1,2.51,20.3,42.5,8.89,20.26,1.5,308.2,Moderate
2022-06-17,30.0,189.6,128.1,57.2,238.8,45.7,7.57,26.3,137.2,16.43,10.88,8.17,277.2,Satisfactory
2022-06-18,76.0,575.5,68.3,61.2,143.8,17.7,4.11,73.9,69.2,7.52,24.84,6.24,60.0,Severe
2022-06-19,137.3,492.8,23.4,96.5,81.6,21.5,4.77,41.5,80.1,0.43,27.3,0.93,96.7,Satisfactory
2022-06-20,473.2,151.3,24.1,37.1,201.5,35.9,8.07,82.8,70.4,8.1,10.96,2.23,443.3,Good
2022-06-21,142.7,153.0,13.4,45.5,43.2,3.3,2.93,44.6,98.5,2.4,9.29,0.16,158.8,Moderate
2022-06-22,465.8,303.4,111.2,2.9,71.8,2.3,1.24,14.8,193.8,1.19,29.47,8.64,151.9,Moderate
2022-06-23,430.6,9.3,22.0,49.6,227.4,9.0,6.6,78.8,31.3,18.14,5.79,0.55,87.1,Satisfactory
2022-06-24,344.0,474.7,100.4,0.5,104.1,39.9,6.02,83.6,94.9,8.91,8.89,8.79,229.2,Satisfactory
2022-06-25,295.0,566.7,82.9,31.1,45.9,2.0,3.16,4.5,51.8,14.38,5.04,9.64,310.0,Moderate
2022-06-26,282.4,298.8,98.8,110.6,181.8,15.5,1.06,15.0,159.4,9.94,28.86,2.15,303.6,Very Poor
2022-06-27,172.9,590.9,147.9,68.0,101.1,10.7,6.63,74.2,142.6,17.54,25.9,9.56,233.1,Moderate
2022-06-28,389.3,151.3,149.7,138.3,21.3,24.8,2.77,25.3,103.6,10.01,27.94,3.5,104.2,Moderate
2022-06-29,327.5,557.7,83.5,0.2,87.1,36.8,6.52,40.3,52.4,11.82,22.11,4.76,412.6,Satisfactory
2022-06-30,246.3,313.5,113.2,101.8,142.3,15.5,1.86,55.3,88.7,2.28,13.01,9.73,381.2,Poor
2022-07-01,463.9,119.8,27.8,33.9,94.2,47.0,4.97,20.0,183.6,17.31,13.34,8.02,74.8,Satisfactory
2022-07-02,435.0,40.0,95.7,2.3,94.6,26.1,6.22,24.5,94.8,4.68,15.65,7.38,470.3,Severe
2022-07-03,498.7,477.3,77.9,67.4,200.3,46.8,3.96,66.0,14.7,1.77,15.96,3.87,484.8,Very Poor
2022-07-04,62.9,475.4,72.8,127.3,166.0,0.2,2.62,49.0,178.7,11.6,7.67,2.23,57.1,Poor
2022-07-05,74.2,239.8,196.2,116.5,247.4,20.4,7.36,13.0,10.3,9.65,22.73,1.1,292.5,Poor
2022-07-06,368.9,164.8,73.4,46.0,67.8,40.2,5.8,2.3,108.9,0.03,29.64,7.52,100.9,Moderate
2022-07-07,165.5,120.0,174.2,123.3,187.8,43.7,7.57,40.1,142.3,8.99,9.28,1.62,453.6,Good
2022-07-08,92.0,140.8,193.7,73.6,247.0,10.0,2.07,55.0,140.8,11.43,3.42,1.65,87.5,Severe
2022-07-09,357.7,469.0,154.5,79.8,137.0,5.7,5.07,72.0,164.5,13.67,20.95,5.66,45.9,Good
2022-07-10,478.6,470.0,39.6,114.3,233.1,12.5,6.32,31.3,68.9,9.22,16.49,1.46,251.2,Severe
2022-07-11,202.9,342.2,108.0,110.2,243.6,47.8,9.88,71.4,97.3,13.22,24.76,2.76,196.8,Severe
2022-07-12,106.8,369.8,188.0,16.5,156.8,42.5,8.96,88.7,113.2,19.87,27.08,6.01,95.4,Satisfactory
2022-07-13,241.8,187.0,13.9,73.1,217.0,45.1,6.38,95.0,74.4,5.35,13.36,7.06,424.8,Poor
2022-07-14,267.3,123.3,165.4,66.4,148.5,0.5,3.51,77.0,107.1,17.64,23.11,9.09,436.0,Severe
2022-07-15,393.1,225.8,77.6,146.2,115.8,23.3,1.97,39.9,194.2,7.7,3.97,9.91,202.2,Very Poor
2022-07-16,314.2,298.0,46.0,103.7,227.1,19.4,8.83,0.9,104.9,5.4,4.11,1.97,482.5,Very Poor
2022-07-17,451.2,249.7,10.8,106.5,18.4,24.9,5.57,93.8,194.6,8.58,4.44,1.67,20.5,Very Poor
2022-07-18,66.0,225.2,148.6,134.3,74.5,7.8,7.73,84.3,184.9,7.79,20.84,4.67,373.3,Very Poor
2022-07-19,371.5,248.1,198.1,121.0,140.9,0.7,6.13,37.9,140.5,15.69,12.84,1.55,223.3,Moderate
2022-07-20,48.4,557.6,166.2,7.0,244.3,28.6,7.7,40.8,89.3,13.45,5.49,7.33,153.1,Severe
2022-07-21,108.5,202.1,93.2,31.9,171.4,38.4,4.69,30.6,126.3,0.74,2.28,9.56,59.9,Satisfactory
2022-07-22,163.9,289.9,105.7,25.0,47.5,0.8,3.74,62.7,53.5,16.8,28.68,8.64,257.4,Very Poor
2022-07-23,448.7,340.3,83.1,130.1,58.8,11.1,1.65,33.0,75.1,19.22,2.73,0.13,347.6,Good
2022-07-24,156.9,526.2,45.7,119.6,163.2,5.8,8.43,84.4,100.9,4.76,24.49,0.55,155.5,Poor
2022-07-25,450.1,410.1,155.4,130.4,143.5,28.8,5.8,38.6,7.6,9.06,26.42,6.2,352.6,Very Poor
2022-07-26,190.3,256.6,97.4,82.2,61.7,40.8,3.79,53.3,8.1,18.49,10.97,7.07,381.8,Poor
2022-07-27,352.8,543.1,127.6,26.0,28.3,27.8,9.51,49.3,51.2,16.9,24.94,2.68,59.6,Satisfactory
2022-07-28,385.1,477.0,179.8,98.6,195.1,0.2,9.01,80.4,70.8,15.14,16.69,0.0,442.3,Poor
2022-07-29,241.9,211.5,199.8,16.8,230.0,24.5,2.86,79.7,28.3,6.31,7.35,7.25,276.6,Very Poor
2022-07-30,417.2,535.2,148.7,112.0,109.8,13.5,4.01,49.3,177.0,12.34,12.44,0.88,152.2,Severe
2022-07-31,98.4,171.3,141.8,65.3,48.0,19.7,3.09,31.3,199.6,18.27,7.45,3.15,234.8,Good
2022-08-01,170.2,415.3,80.9,78.8,169.4,9.5,6.04,0.6,97.3,13.38,2.34,8.32,428.2,Very Poor
2022-08-02,462.8,544.4,147.7,143.6,233.2,2.9,2.99,27.5,80.8,19.57,13.1,9.1,425.5,Poor
2022-08-03,367.4,345.5,95.9,30.4,80.7,15.3,4.6,70.3,179.9,2.92,7.23,3.3,494.8,Poor
2022-08-04,120.7,425.2,45.7,132.8,165.6,21.2,4.89,4.7,7.0,5.66,16.38,9.82,259.2,Very Poor
2022-08-05,166.4,158.6,115.9,140.9,19.2,24.4,1.61,29.1,53.5,10.95,28.42,3.87,388.7,Satisfactory
2022-08-06,442.0,544.0,167.4,80.3,174.3,22.0,8.04,17.2,56.3,0.82,18.05,6.14,375.6,Severe
2022-08-07,34.2,191.9,97.6,47.0,39.0,12.5,0.78,27.1,98.3,1.2,23.61,5.64,23.0,Poor
2022-08-08,453.3,131.6,50.7,45.8,153.5,45.9,2.74,86.1,86.1,3.93,24.03,1.46,371.6,Severe
2022-08-09,145.2,442.9,47.4,129.4,28.6,27.2,2.1,21.4,123.4,18.45,14.59,3.9,23.5,Good
2022-08-10,424.6,329.0,25.6,99.0,145.4,38.3,3.12,28.8,65.9,18.91,2.74,6.41,91.8,Poor
2022-08-11,229.9,340.1,55.1,9.5,62.9,20.3,6.11,36.2,123.6,5.24,0.8,5.02,398.3,Moderate
2022-08-12,34.4,176.6,153.9,19.5,229.4,20.1,7.28,80.9,40.0,12.18,18.87,1.98,289.8,Good
2022-08-13,118.7,517.3,126.5,52.6,210.6,33.6,0.32,95.3,30.3,7.23,16.11,2.54,400.7,Good
2022-08-14,436.1,271.6,17.8,123.5,22.7,17.9,8.23,59.6,183.6,12.62,5.16,2.44,77.3,Severe
2022-08-15,72.7,252.8,92.3,104.1,94.9,30.6,1.69,91.0,1.8,9.0,27.2,3.92,495.2,Satisfactory
2022-08-16,160.4,116.7,88.6,112.3,104.7,17.2,1.59,97.8,27.8,2.64,12.68,7.67,462.7,Severe
2022-08-17,246.3,526.5,39.9,124.7,249.5,26.4,3.39,80.0,8.4,17.59,7.74,5.29,193.7,Good
2022-08-18,477.6,59.1,17.6,130.4,224.1,7.1,6.27,26.1,140.1,14.02,21.27,1.9,341.9,Satisfactory
2022-08-19,8.9,301.4,54.5,9.5,123.8,13.2,2.49,48.8,23.0,4.91,14.65,1.93,14.8,Good
2022-08-20,458.7,145.6,54.3,135.5,66.7,45.7,7.06,66.0,197.9,1.46,7.49,6.51,176.0,Good
2022-08-21,329.7,309.1,159.7,58.9,13.4,38.0,5.31,93.4,79.6,9.12,29.34,0.37,183.3,Satisfactory
2022-08-22,236.6,93.7,180.5,95.1,8.6,4.6,7.8,3.0,141.8,11.48,13.73,9.79,92.7,Severe
2022-08-23,48.1,129.3,176.6,77.4,100.4,10.0,5.12,32.7,97.1,15.27,11.32,8.35,207.9,Good
2022-08-24,304.6,378.3,135.0,53.9,90.2,0.2,2.92,96.1,108.1,18.32,20.84,4.94,282.4,Satisfactory
2022-08-25,468.5,6.5,63.8,106.4,164.2,42.9,3.6,71.8,100.7,11.22,20.61,8.3,246.2,Moderate
2022-08-26,251.4,180.7,40.4,100.9,76.3,16.8,1.59,35.6,189.2,8.71,21.82,0.77,194.4,Good
2022-08-27,483.6,19.8,75.9,140.3,84.7,47.8,7.46,34.9,178.0,8.73,4.7,9.86,434.0,Very Poor
2022-08-28,41.2,23.5,153.1,10.8,85.7,12.3,7.67,2.5,172.7,18.01,14.13,6.54,455.7,Moderate
2022-08-29,253.5,178.8,119.1,34.5,38.0,38.4,8.76,77.3,170.0,3.36,12.43,1.0,424.0,Satisfactory
2022-08-30,132.5,77.0,69.7,30.4,233.8,7.5,8.64,8.3,193.3,12.32,13.83,7.25,81.9,Good
2022-08-31,253.0,233.1,72.1,68.1,205.3,12.4,5.78,65.9,23.8,13.23,20.18,3.89,330.3,Severe
2022-09-01,484.6,476.3,54.7,55.0,144.7,7.0,2.71,32.4,15.3,15.9,26.53,2.07,264.5,Moderate
2022-09-02,484.1,499.3,193.2,43.8,184.6,18.5,2.4,53.6,84.1,10.97,14.84,5.21,10.8,Very Poor
2022-09-03,100.2,43.1,147.6,71.3,91.5,27.6,9.85,32.3,48.1,11.03,19.87,5.95,462.1,Very Poor
2022-09-04,267.5,372.2,82.7,133.2,210.0,4.4,6.41,77.8,138.2,11.21,1.2,4.67,478.3,Moderate
2022-09-05,95.3,347.4,146.3,13.8,14.1,18.5,2.48,74.8,113.5,19.66,16.68,8.52,213.7,Very Poor
2022-09-06,76.4,206.7,27.8,36.6,103.1,23.5,9.5,16.1,128.9,17.68,11.97,8.27,470.2,Poor
2022-09-07,348.7,321.4,70.1,88.3,222.3,2.5,1.18,49.2,120.3,14.02,26.29,4.61,149.5,Moderate
2022-09-08,221.5,388.2,176.5,10.9,170.4,42.2,7.35,22.5,190.5,15.2,16.34,3.06,202.1,Moderate
2022-09-09,58.0,104.2,121.8,110.4,212.8,10.7,1.46,63.2,134.4,17.21,12.64,0.27,100.8,Severe
2022-09-10,130.3,225.4,17.4,15.4,111.3,29.7,3.35,96.4,150.6,5.72,18.45,9.85,278.4,Good
2022-09-11,113.9,445.3,40.3,100.9,24.1,22.1,9.52,49.4,123.2,16.47,10.27,4.25,44.5,Very Poor
2022-09-12,238.4,391.2,186.6,75.3,79.7,37.5,4.83,17.1,75.9,7.6,25.07,1.54,161.9,Moderate
2022-09-13,77.6,214.4,23.4,127.3,143.2,9.1,8.1,68.4,12.7,8.06,3.82,8.4,279.2,Poor
2022-09-14,263.0,276.8,149.3,112.6,207.0,41.6,5.38,65.9,157.6,2.91,5.75,2.29,290.0,Very Poor
2022-09-15,10.9,491.1,138.5,86.9,45.2,21.6,9.95,27.3,35.7,16.4,9.75,7.39,76.6,Moderate
2022-09-16,75.6,77.8,181.7,76.4,213.1,46.2,0.96,54.7,3.2,11.47,19.56,2.0,159.1,Moderate
2022-09-17,472.5,515.0,59.9,14.8,26.1,26.4,5.5,11.9,61.0,3.78,8.62,9.25,264.0,Moderate
2022-09-18,475.2,538.9,31.6,132.9,159.3,33.7,3.74,84.4,133.1,17.08,29.96,1.8,16.7,Poor
2022-09-19,402.5,469.4,39.0,5.7,232.0,44.7,3.57,80.2,17.4,3.67,13.95,4.41,189.6,Very Poor
2022-09-20,301.2,520.8,175.3,39.6,212.1,42.8,1.4,14.6,40.7,9.24,18.16,2.29,333.8,Moderate
2022-09-21,341.6,83.2,42.4,60.7,170.1,46.2,7.2,18.0,38.9,8.66,9.31,3.85,79.2,Moderate
2022-09-22,143.5,130.7,82.1,110.3,162.0,49.7,2.55,81.9,143.8,11.4,26.17,7.93,285.7,Poor
2022-09-23,359.7,379.9,33.1,89.9,215.2,35.9,3.28,35.4,178.7,19.39,4.21,3.19,451.4,Poor
2022-09-24,221.6,54.0,122.6,50.9,134.2,49.7,9.9,64.2,151.0,1.8,12.67,4.25,341.5,Moderate
2022-09-25,258.8,566.7,177.8,56.3,128.2,17.1,6.64,73.0,123.3,10.32,15.66,8.41,197.2,Poor
2022-09-26,411.1,122.9,7.6,136.2,92.8,48.6,0.54,1.6,1.2,17.15,15.24,9.38,175.3,Very Poor
2022-09-27,57.1,334.7,3.1,88.7,63.5,10.4,7.81,6.8,34.7,16.27,8.57,4.57,121.6,Poor
2022-09-28,482.3,149.6,9.6,4.2,49.2,10.6,0.28,22.5,180.9,7.08,1.81,6.12,30.6,Very Poor
2022-09-29,314.3,427.1,165.8,54.1,97.8,2.6,3.08,28.6,82.2,5.58,23.6,8.18,465.7,Good
2022-09-30,311.9,13.2,170.2,8.1,50.9,38.4,7.81,22.2,85.8,6.92,21.73,8.24,85.7,Very Poor
2022-10-01,352.5,537.9,156.8,12.4,144.0,28.5,7.5,4.5,186.5,1.55,2.62,2.54,150.4,Good
2022-10-02,208.0,382.0,36.1,13.3,91.8,18.7,7.39,40.1,98.4,8.74,15.33,0.93,97.3,Satisfactory
2022-10-03,138.4,343.8,169.5,40.6,224.9,14.2,7.62,77.8,30.6,1.48,11.12,6.04,307.6,Severe
2022-10-04,173.1,163.4,137.8,51.6,89.1,28.5,6.97,22.9,0.6,9.15,8.73,2.03,425.2,Moderate
2022-10-05,89.7,312.0,172.2,95.6,197.1,26.3,7.07,34.8,147.7,15.89,14.18,3.24,323.9,Satisfactory
2022-10-06,96.7,516.4,22.8,80.7,247.0,5.2,5.35,83.4,26.2,11.81,9.07,4.21,290.5,Severe
2022-10-07,356.6,353.8,56.6,125.6,216.8,34.3,3.75,27.8,191.0,4.37,14.44,9.85,308.7,Good
2022-10-08,289.1,204.2,112.8,97.4,177.6,7.4,8.09,51.8,154.3,2.05,13.81,2.46,180.7,Moderate
2022-10-09,183.8,344.8,142.4,141.9,120.2,48.8,0.36,41.7,34.6,8.2,1.19,4.4,180.6,Severe
2022-10-10,183.8,185.7,139.7,73.6,9.5,13.1,0.1,99.0,87.2,6.79,15.21,2.66,356.2,Moderate
2022-10-11,11.1,486.3,50.8,33.4,243.6,20.2,5.33,51.4,76.0,1.13,18.08,8.21,90.4,Satisfactory
2022-10-12,178.3,557.4,27.4,52.0,145.6,39.0,3.13,42.2,10.4,12.91,7.36,4.64,433.7,Satisfactory
2022-10-13,127.5,295.1,75.1,100.2,217.5,48.0,6.18,90.4,163.9,18.66,24.27,3.93,304.9,Good
2022-10-14,200.0,353.8,132.4,22.5,23.8,20.6,0.38,58.2,77.3,9.05,0.91,3.41,93.8,Very Poor
2022-10-15,69.6,596.8,129.6,22.5,120.1,31.8,0.12,69.3,172.0,2.15,11.46,8.74,360.4,Moderate
2022-10-16,370.8,312.6,78.1,62.5,151.6,19.3,1.66,8.9,47.7,9.57,17.87,3.69,35.2,Satisfactory
2022-10-17,170.9,43.2,41.7,29.9,166.4,42.3,9.57,8.2,23.5,3.69,15.65,4.66,171.6,Good
2022-10-18,361.8,127.9,174.3,118.1,152.1,15.7,1.5,51.8,51.1,0.95,5.38,6.02,380.6,Very Poor
2022-10-19,310.6,443.4,102.8,46.2,236.3,4.3,9.47,95.1,69.0,8.85,2.75,7.79,463.7,Moderate
2022-10-20,61.8,42.1,29.6,146.7,15.7,32.1,8.49,33.6,150.2,14.59,19.47,1.59,223.7,Good
2022-10-21,350.8,472.8,3.5,98.5,127.0,37.4,9.19,45.9,148.9,1.87,15.19,9.89,207.4,Very Poor
2022-10-22,172.0,256.1,103.1,2.9,186.8,35.3,9.21,98.7,55.6,12.18,21.29,0.88,345.4,Very Poor
2022-10-23,165.2,502.2,76.0,124.0,54.4,10.3,1.11,74.5,120.7,3.88,22.97,1.65,440.2,Severe
2022-10-24,350.3,177.9,199.6,55.3,226.4,21.5,2.81,99.1,181.5,1.66,0.5,7.81,488.9,Poor
2022-10-25,448.2,310.0,33.2,103.7,169.5,5.6,3.68,19.8,64.3,18.94,21.12,2.17,303.5,Moderate
2022-10-26,439.9,524.5,90.6,58.7,160.5,20.1,0.79,25.4,32.1,19.69,20.96,7.95,443.2,Satisfactory
2022-10-27,385.6,81.8,189.2,24.0,190.2,30.9,1.11,18.8,161.7,17.69,7.76,5.06,370.3,Severe
2022-10-28,32.1,486.6,104.4,135.0,198.6,10.4,7.74,91.3,132.2,3.03,21.84,3.47,217.6,Severe
2022-10-29,267.6,37.4,45.7,123.5,131.4,38.7,3.62,52.8,61.6,4.83,28.39,7.65,482.9,Good
2022-10-30,113.6,242.4,107.4,72.2,205.5,42.6,4.18,73.9,156.0,0.13,9.28,4.86,80.0,Poor
2022-10-31,254.4,143.3,21.8,103.7,190.7,49.0,8.89,96.2,8.6,5.28,27.61,1.89,205.0,Poor
2022-11-01,267.3,372.9,73.6,133.9,67.6,38.3,0.12,89.8,71.8,6.61,20.6,7.98,233.5,Poor
2022-11-02,373.1,31.9,34.4,39.9,152.0,0.9,8.17,48.6,34.5,17.96,1.21,2.38,198.2,Very Poor
2022-11-03,399.4,233.8,130.9,125.7,181.2,8.3,4.94,91.2,198.9,0.74,7.99,5.37,60.5,Satisfactory
2022-11-04,72.3,79.6,11.4,12.6,192.0,32.8,7.92,10.1,174.6,0.19,2.45,2.62,98.3,Severe
2022-11-05,81.9,293.2,136.8,45.3,46.0,6.0,0.49,96.0,127.8,8.0,0.83,5.08,71.3,Good
2022-11-06,335.8,371.4,48.1,100.8,227.5,21.3,7.2,86.2,134.2,13.58,2.93,3.41,30.5,Satisfactory
2022-11-07,132.1,15.4,0.1,94.2,41.6,45.0,1.05,98.9,122.3,2.52,17.04,1.0,169.9,Satisfactory
2022-11-08,379.3,166.6,71.4,100.8,12.4,1.7,9.53,86.0,62.2,13.8,24.64,5.62,497.4,Very Poor
2022-11-09,200.9,210.0,37.2,131.9,246.3,29.1,0.76,73.8,26.9,5.78,6.9,6.13,288.8,Very Poor
2022-11-10,398.5,19.2,194.7,106.3,1.7,42.5,0.52,52.1,162.1,13.18,29.62,1.73,476.4,Very Poor
2022-11-11,129.2,21.6,9.7,65.7,43.5,25.2,7.03,95.9,195.8,6.5,8.14,7.32,39.4,Severe
2022-11-12,413.3,550.0,48.4,5.9,179.0,44.1,6.68,9.2,131.6,1.55,20.45,2.94,166.0,Good
2022-11-13,370.6,171.5,157.8,47.4,146.5,3.0,1.03,47.7,75.6,0.85,29.98,4.74,338.4,Moderate
2022-11-14,343.6,159.8,82.3,98.2,18.6,46.0,9.83,40.9,135.6,19.06,29.99,2.4,236.7,Good
2022-11-15,64.2,528.2,92.8,77.6,72.0,11.6,4.89,45.4,24.2,4.02,15.99,4.7,499.9,Very Poor
2022-11-16,136.9,263.9,88.8,70.2,248.8,32.5,6.74,69.4,73.7,0.44,29.8,6.13,462.8,Good
2022-11-17,455.8,589.6,127.8,58.9,104.4,48.2,7.64,96.2,171.6,3.63,28.34,9.94,381.0,Good
2022-11-18,359.5,89.3,96.2,95.4,126.3,8.3,9.14,86.3,76.9,9.26,19.16,1.59,377.8,Good
2022-11-19,148.0,309.4,126.5,105.5,95.9,29.0,1.74,56.5,126.4,7.07,28.83,4.45,295.0,Good
2022-11-20,19.6,185.9,55.2,24.8,132.2,5.2,2.83,8.9,51.9,1.66,11.39,2.13,27.7,Severe
2022-11-21,484.0,198.4,121.9,48.5,229.0,34.2,8.51,24.4,67.8,17.32,2.88,7.31,59.4,Poor
2022-11-22,305.6,507.3,79.8,33.9,21.3,45.2,8.35,77.2,27.6,2.01,9.06,6.81,470.2,Poor
2022-11-23,65.5,585.1,101.5,141.3,89.9,33.6,2.09,59.0,153.9,19.86,24.23,8.12,428.0,Very Poor
2022-11-24,100.6,222.6,32.6,22.0,203.3,17.7,9.95,28.8,28.5,3.37,21.55,4.05,374.3,Good
2022-11-25,340.1,342.2,20.2,114.4,83.6,47.1,1.25,85.1,119.6,4.08,8.11,7.96,257.8,Severe
2022-11-26,209.1,49.3,8.0,132.0,75.1,45.4,1.22,26.7,38.2,2.05,1.98,2.64,495.7,Satisfactory
2022-11-27,484.1,172.1,95.7,143.3,108.1,15.3,5.34,71.4,48.9,6.04,7.08,2.65,249.7,Very Poor
2022-11-28,357.7,16.5,21.2,48.8,239.8,1.5,1.07,73.0,7.6,4.7,15.45,2.63,397.9,Good
2022-11-29,199.5,3.8,55.6,59.4,170.7,49.1,1.55,81.1,109.5,16.96,27.03,8.41,322.0,Poor
2022-11-30,105.9,152.4,196.1,12.3,37.9,16.0,4.97,8.6,128.4,18.8,10.49,4.06,9.3,Satisfactory
2022-12-01,70.1,519.2,1.5,44.1,45.9,38.8,0.28,51.5,68.9,0.88,6.33,6.78,316.5,Moderate
2022-12-02,302.0,443.0,146.6,138.0,108.5,47.2,9.56,70.3,168.6,15.05,23.84,3.18,48.2,Very Poor
2022-12-03,116.3,198.9,199.8,77.2,86.2,34.9,1.64,26.8,143.1,11.81,9.93,3.75,113.9,Satisfactory
2022-12-04,221.0,395.5,134.2,16.8,201.0,31.4,7.42,34.5,70.8,16.52,16.92,6.36,217.2,Very Poor
2022-12-05,91.2,576.7,61.1,40.2,219.5,8.2,3.31,55.8,198.0,13.9,27.5,4.78,274.1,Satisfactory
2022-12-06,64.5,169.4,16.5,94.3,133.5,7.0,5.93,99.6,171.9,12.64,5.0,3.01,246.9,Very Poor
2022-12-07,278.8,62.6,13.8,39.1,113.2,47.6,4.69,7.8,123.5,18.67,5.88,1.39,223.7,Moderate
2022-12-08,225.9,40.6,59.1,51.1,28.4,0.9,4.5,11.1,19.8,19.66,10.35,3.67,487.1,Very Poor
2022-12-09,307.6,287.3,59.1,128.7,139.8,37.0,9.91,74.4,137.1,15.25,22.98,1.11,218.6,Severe
2022-12-10,159.6,478.0,164.3,21.8,52.2,38.0,8.53,4.2,199.4,0.41,18.95,3.21,18.3,Satisfactory
2022-12-11,166.6,540.5,45.3,86.4,248.2,37.9,0.5,91.5,115.6,18.38,20.45,3.87,343.5,Satisfactory
2022-12-12,381.9,252.6,52.2,64.9,232.6,17.3,7.07,49.1,92.3,18.25,14.55,1.49,154.5,Very Poor
2022-12-13,246.6,525.7,39.3,76.3,163.5,49.8,8.21,80.2,122.6,11.72,11.45,6.54,8.4,Satisfactory
2022-12-14,18.3,35.0,49.7,53.1,238.5,41.6,9.27,0.5,84.2,0.15,11.39,0.61,140.1,Poor
2022-12-15,406.2,376.5,85.4,14.0,29.2,27.7,3.08,24.6,77.8,15.7,20.36,1.98,453.3,Severe
2022-12-16,6.6,328.9,1.5,43.3,66.3,47.8,2.39,58.2,113.6,6.39,3.58,9.5,258.9,Very Poor
2022-12-17,479.8,285.7,142.0,39.2,73.4,3.0,1.21,24.8,176.2,6.08,8.58,8.76,246.9,Good
2022-12-18,368.0,130.0,93.3,28.7,93.1,19.4,9.11,21.1,46.5,14.54,15.65,7.7,279.5,Good
2022-12-19,144.4,130.1,152.1,98.5,159.1,41.9,8.45,44.5,175.3,12.16,28.19,3.8,386.3,Poor
2022-12-20,192.4,60.4,133.0,24.5,186.2,5.2,1.56,44.6,99.5,17.54,23.59,4.1,396.2,Satisfactory
2022-12-21,41.2,348.0,180.8,142.4,3.4,18.6,9.23,68.5,194.8,1.82,15.34,4.44,27.0,Moderate
2022-12-22,236.9,588.0,125.4,100.0,48.7,34.1,3.99,76.5,116.3,1.8,27.33,6.15,71.6,Poor
2022-12-23,411.8,587.4,178.3,9.5,31.3,40.4,9.95,21.7,165.4,13.38,9.07,9.0,298.0,Severe
2022-12-24,170.1,584.3,53.6,116.4,148.4,6.6,8.27,89.2,75.6,10.59,18.95,9.47,288.6,Very Poor
2022-12-25,455.0,11.0,139.5,142.4,46.3,46.7,8.07,48.2,63.9,18.05,3.39,0.3,284.8,Severe
2022-12-26,468.5,487.4,80.7,51.0,107.7,7.8,4.14,51.7,146.7,15.41,10.98,8.46,148.9,Very Poor
2022-12-27,439.3,415.7,70.2,29.6,217.0,22.3,7.53,47.3,88.6,7.02,3.78,0.73,217.5,Severe
2022-12-28,272.2,154.6,90.2,22.5,82.9,25.2,2.59,62.5,76.7,13.2,23.09,0.36,473.1,Very Poor
2022-12-29,293.9,414.3,138.5,48.0,129.5,0.6,5.34,36.1,172.9,0.02,24.08,9.38,268.6,Severe
2022-12-30,364.7,246.6,79.2,18.3,191.8,49.4,1.51,58.4,166.9,19.38,5.58,7.55,436.0,Very Poor
2022-12-31,165.4,385.6,57.0,149.8,1.0,36.0,1.76,85.3,66.1,18.55,13.72,0.41,16.3,Good
2023-01-01,82.4,127.9,199.4,36.8,27.2,29.6,4.52,55.7,69.3,7.41,17.81,2.76,346.5,Very Poor
2023-01-02,345.1,11.4,95.3,134.1,173.9,13.0,5.68,43.1,45.0,1.9,19.57,3.54,276.5,Severe
2023-01-03,113.1,460.6,66.5,53.2,129.3,5.6,1.74,73.3,140.8,12.58,21.91,3.7,431.8,Good
2023-01-04,50.6,238.8,93.1,13.8,134.1,31.3,0.21,70.8,136.4,9.12,8.4,6.48,223.6,Poor
2023-01-05,68.8,408.6,102.3,109.4,106.0,44.5,2.46,58.9,170.7,3.14,5.12,5.67,384.5,Poor
2023-01-06,478.7,220.8,186.1,110.2,38.6,36.6,1.5,21.6,74.8,8.56,3.17,2.41,123.0,Very Poor
2023-01-07,475.3,437.2,176.8,45.4,47.4,0.6,1.26,88.5,185.7,18.05,23.68,2.57,408.6,Moderate
2023-01-08,62.8,44.7,131.4,3.5,87.8,2.4,1.75,95.0,54.1,6.74,26.07,9.47,271.5,Moderate
2023-01-09,183.6,126.3,157.8,148.7,1.9,43.4,3.33,43.7,62.3,4.38,0.96,7.16,399.3,Very Poor
2023-01-10,286.6,85.7,112.8,102.9,78.4,30.9,1.78,6.3,71.8,15.81,29.6,7.27,86.4,Very Poor
2023-01-11,191.0,586.8,137.2,133.9,226.2,11.2,7.57,19.6,110.5,15.4,5.98,5.83,179.5,Moderate
2023-01-12,154.2,292.1,137.1,106.1,218.7,49.3,1.32,52.4,108.6,19.37,9.61,1.95,327.2,Severe
2023-01-13,105.4,118.0,78.3,88.3,13.6,33.4,0.87,6.5,73.4,10.51,13.44,2.09,217.7,Satisfactory
2023-01-14,207.4,531.7,138.9,88.7,59.5,36.9,4.8,24.1,68.5,5.75,5.58,2.37,287.4,Moderate
2023-01-15,218.3,257.6,198.0,54.2,209.7,44.3,8.52,41.3,113.1,5.19,14.49,8.79,39.2,Severe
2023-01-16,229.3,352.6,63.4,109.5,191.5,23.2,7.83,67.0,115.4,8.55,23.97,1.62,102.7,Very Poor
2023-01-17,339.6,46.4,103.9,100.6,126.0,30.6,9.63,45.1,72.4,17.62,5.62,8.05,184.3,Moderate
2023-01-18,166.2,73.5,120.5,7.3,203.5,29.7,3.66,57.8,81.1,10.05,13.86,6.79,453.8,Good
2023-01-19,42.4,58.8,136.1,33.9,205.0,17.3,3.09,45.5,145.7,17.03,25.55,2.69,45.2,Poor
2023-01-20,443.6,393.2,193.8,140.5,1.9,23.3,2.58,85.3,2.8,4.37,1.61,4.74,378.6,Very Poor
2023-01-21,308.9,98.6,29.3,23.3,130.6,44.0,7.61,97.8,84.3,7.19,9.5,8.92,463.1,Good
2023-01-22,79.4,407.1,101.4,33.1,82.7,9.5,3.4,32.2,111.7,16.49,1.78,2.99,349.6,Good
2023-01-23,301.9,165.6,58.5,92.4,78.3,28.9,3.12,57.0,107.2,12.3,26.39,3.8,244.2,Satisfactory
2023-01-24,110.7,380.5,196.6,126.7,4.4,19.2,4.6,75.1,115.4,16.18,22.67,3.11,471.8,Good
2023-01-25,76.9,156.7,63.0,86.2,30.2,16.6,8.04,10.6,40.4,2.98,16.5,2.15,33.1,Severe
2023-01-26,17.4,314.5,133.2,58.4,58.8,24.3,5.78,77.7,2.1,19.7,28.89,0.71,346.2,Good
2023-01-27,60.8,545.9,137.4,114.8,110.3,8.7,2.08,67.7,141.6,0.5,23.49,4.4,159.4,Severe
2023-01-28,32.7,212.4,153.6,19.1,4.1,40.8,5.15,95.3,67.1,16.42,6.93,9.65,493.2,Very Poor
2023-01-29,477.0,179.2,78.1,76.2,14.8,28.9,6.89,71.1,45.9,0.89,13.67,6.8,453.4,Moderate
2023-01-30,374.3,565.4,61.4,139.2,174.4,5.5,4.36,61.0,166.9,16.06,22.07,2.56,494.4,Poor
2023-01-31,212.1,489.5,182.9,57.1,53.9,45.4,3.83,78.4,69.2,0.36,29.91,3.26,186.2,Moderate
2023-02-01,347.5,2.1,67.3,88.1,78.4,33.4,8.6,50.8,79.9,10.62,28.32,6.63,335.6,Satisfactory
2023-02-02,420.2,145.6,166.6,24.9,148.7,49.2,4.97,21.5,106.0,7.48,7.65,0.85,22.9,Poor
2023-02-03,287.2,150.8,114.0,51.6,182.4,29.5,6.94,99.6,157.4,16.75,17.73,4.82,156.8,Severe
2023-02-04,293.8,242.0,60.2,10.2,214.0,33.6,6.8,74.8,169.0,1.26,2.02,1.94,372.7,Poor
2023-02-05,318.3,489.4,176.2,39.7,48.9,14.7,4.35,13.0,46.3,0.52,5.35,4.5,416.6,Satisfactory
2023-02-06,416.3,242.5,101.1,57.6,217.0,15.1,5.28,0.1,65.2,3.63,13.33,8.62,12.5,Good
2023-02-07,366.2,43.1,76.2,76.6,125.7,15.7,7.15,98.0,92.8,13.55,6.1,3.78,263.2,Severe
2023-02-08,93.2,449.9,141.8,28.8,21.5,13.9,9.54,16.7,195.5,13.48,11.89,4.68,336.0,Poor
2023-02-09,250.7,265.8,88.7,80.0,249.2,36.8,1.25,49.3,70.7,5.39,27.73,3.11,82.6,Very Poor
2023-02-10,6.8,500.9,131.6,43.7,5.5,2.4,0.43,18.4,146.7,19.23,18.06,9.14,208.7,Poor
2023-02-11,355.5,243.8,68.9,69.2,35.1,23.2,4.09,85.1,176.9,11.24,0.23,9.28,283.4,Poor
2023-02-12,361.0,599.3,148.4,42.7,7.6,13.8,7.26,9.0,183.4,17.97,17.38,5.84,243.8,Poor
2023-02-13,143.7,70.1,117.9,32.2,170.5,30.3,6.28,57.8,54.7,18.1,12.69,4.67,451.5,Very Poor
2023-02-14,84.6,399.6,192.4,130.0,227.6,36.4,8.67,59.7,30.3,7.75,20.32,4.57,283.3,Good
2023-02-15,268.8,440.7,27.3,35.6,175.0,25.3,1.51,73.8,132.8,11.23,2.61,7.05,413.3,Satisfactory
2023-02-16,465.6,235.2,162.2,15.1,102.5,11.7,0.61,56.9,174.4,15.47,18.5,9.98,87.7,Very Poor
2023-02-17,385.4,581.1,157.1,81.2,2.8,34.1,6.05,71.8,39.0,11.23,3.48,5.08,427.0,Severe
2023-02-18,465.7,303.5,63.4,35.2,153.0,26.7,7.91,93.3,6.5,0.42,29.67,4.82,325.5,Poor
2023-02-19,236.6,196.8,97.7,124.0,24.7,2.0,8.36,0.2,137.7,17.69,9.39,9.07,72.3,Poor
2023-02-20,460.4,306.5,192.4,6.3,163.0,31.2,0.57,51.8,49.6,15.93,27.85,4.07,177.0,Satisfactory
2023-02-21,465.2,45.6,155.2,131.9,96.0,4.9,2.49,55.0,82.2,8.55,29.17,2.18,137.2,Good
2023-02-22,161.1,100.4,31.5,43.6,237.0,3.6,1.56,75.2,22.2,12.42,1.14,1.97,459.3,Good
2023-02-23,179.9,537.3,192.9,70.8,176.1,0.1,8.15,71.3,134.7,7.23,9.58,6.8,112.7,Satisfactory
2023-02-24,487.1,574.2,142.0,69.1,137.0,14.8,4.36,5.2,171.5,14.06,11.88,0.64,303.2,Satisfactory
2023-02-25,380.6,173.0,0.3,56.1,71.3,23.4,1.99,2.3,139.6,8.6,2.46,2.19,430.4,Moderate
2023-02-26,142.1,435.9,17.1,65.4,112.1,3.7,5.97,41.6,117.9,11.09,2.34,8.42,218.1,Severe
2023-02-27,271.8,192.5,81.0,19.2,29.6,30.2,1.38,43.9,57.4,9.37,28.29,0.35,400.4,Very Poor
2023-02-28,6.7,558.6,145.6,99.2,237.5,25.1,4.46,90.2,181.9,3.52,0.79,5.8,434.1,Poor
2023-03-01,113.4,389.1,122.6,124.1,42.3,1.2,9.14,54.2,7.9,18.16,20.33,5.49,74.7,Severe
2023-03-02,17.6,362.7,38.9,136.5,240.1,22.1,3.42,27.7,112.3,1.46,2.22,9.34,474.1,Moderate
2023-03-03,285.5,299.7,93.6,23.6,168.5,27.8,4.52,67.9,123.6,8.79,17.03,5.62,207.2,Very Poor
2023-03-04,493.3,448.8,8.5,74.7,81.1,41.0,0.6,94.9,55.3,18.17,0.19,2.61,493.1,Severe
2023-03-05,32.7,598.0,67.9,106.7,112.8,18.7,3.84,83.8,83.4,3.86,29.98,1.02,244.7,Poor
2023-03-06,180.2,118.9,90.8,36.1,180.8,2.6,4.94,39.2,70.1,16.02,7.18,3.44,55.8,Poor
2023-03-07,28.2,94.4,17.9,54.3,54.9,24.1,1.48,67.3,43.4,19.78,0.2,3.17,459.0,Poor
2023-03-08,152.9,257.8,109.2,105.5,127.1,37.2,4.28,77.5,126.0,14.51,17.66,8.86,374.1,Satisfactory
2023-03-09,142.4,233.8,1.9,41.6,72.0,19.8,6.36,43.4,6.6,7.69,26.34,6.61,26.5,Moderate
2023-03-10,328.0,315.9,113.7,144.2,159.2,11.0,0.39,0.5,58.8,14.7,17.92,2.52,302.8,Poor
2023-03-11,289.3,549.7,67.7,38.0,86.0,8.7,8.96,75.4,193.7,8.3,5.79,3.43,107.1,Poor
2023-03-12,117.6,475.6,19.2,126.3,247.8,30.5,8.71,16.8,64.9,19.55,16.85,5.07,457.5,Moderate
2023-03-13,89.7,25.2,74.4,102.3,35.2,2.2,6.48,51.7,64.8,19.79,11.01,5.66,368.7,Poor
2023-03-14,145.2,7.5,186.0,136.3,203.8,47.1,3.35,77.0,133.3,7.75,29.34,6.74,223.9,Moderate
2023-03-15,342.1,220.4,165.0,107.3,243.1,23.5,5.01,53.4,67.1,6.01,2.34,2.05,93.2,Severe
2023-03-16,207.2,229.4,73.2,33.7,224.1,17.2,7.88,13.5,67.0,4.67,22.3,0.06,416.2,Severe
2023-03-17,178.1,283.1,73.7,106.8,112.0,21.0,4.66,54.8,22.5,12.43,23.29,4.1,8.2,Moderate
2023-03-18,393.3,284.5,168.0,135.2,0.4,46.8,1.66,70.9,39.8,6.01,15.59,1.96,25.4,Poor
2023-03-19,377.2,344.7,121.4,147.4,91.7,26.9,9.5,25.6,192.6,4.11,11.42,3.44,83.9,Satisfactory
2023-03-20,470.7,559.4,6.5,13.0,198.5,38.1,9.83,20.2,112.9,11.6,13.84,7.85,48.7,Poor
2023-03-21,272.7,363.4,146.6,48.6,135.7,37.2,8.73,88.0,147.5,15.12,22.06,0.18,87.5,Very Poor
2023-03-22,143.8,462.9,149.1,20.3,202.8,23.7,5.97,71.1,1.8,5.41,8.45,4.85,47.8,Poor
2023-03-23,164.2,29.3,104.7,89.1,165.0,45.8,3.2,87.1,149.4,0.01,0.86,8.01,350.0,Moderate
2023-03-24,94.3,292.9,190.7,10.2,124.9,30.2,2.53,49.8,47.6,19.23,14.78,5.15,35.7,Poor
2023-03-25,391.9,120.0,194.6,9.2,99.9,31.0,3.33,12.9,131.6,8.97,4.76,6.02,284.4,Very Poor
2023-03-26,49.7,379.5,76.0,56.4,84.5,8.1,8.21,97.5,147.0,6.11,21.6,5.35,26.9,Severe
2023-03-27,129.2,47.3,86.1,60.2,94.6,26.0,3.67,15.9,44.4,14.19,25.78,3.91,259.2,Satisfactory
2023-03-28,129.6,478.7,183.8,118.3,17.2,14.5,8.01,11.1,38.4,9.6,19.21,5.74,494.4,Severe
2023-03-29,313.8,421.1,116.6,105.0,160.1,27.5,7.47,68.0,63.4,2.35,22.27,1.5,95.0,Very Poor
2023-03-30,296.6,21.0,110.8,41.3,244.4,29.1,3.37,85.1,119.5,17.39,15.6,2.65,214.3,Satisfactory
2023-03-31,374.9,584.6,148.3,54.4,59.5,12.0,9.8,38.4,40.8,19.99,22.12,9.31,38.3,Good
2023-04-01,110.9,329.0,120.8,94.0,81.4,26.1,1.27,66.3,132.3,7.47,6.72,1.42,372.9,Satisfactory
2023-04-02,24.7,166.2,52.2,145.4,176.2,32.8,5.16,92.7,143.3,9.09,15.1,9.13,53.9,Moderate
2023-04-03,21.3,294.9,134.7,140.4,121.3,31.3,2.12,95.8,20.8,9.61,24.91,5.95,350.6,Moderate
2023-04-04,114.1,309.7,139.4,38.7,204.1,5.8,2.88,97.4,155.6,15.62,12.45,3.7,54.4,Severe
2023-04-05,350.0,193.7,88.9,65.0,208.5,19.5,2.91,76.3,102.5,17.44,7.07,2.28,90.9,Good
2023-04-06,214.9,488.3,68.7,78.0,178.0,4.1,5.52,36.9,67.6,3.46,5.4,4.95,352.4,Good
2023-04-07,57.4,62.5,18.5,123.0,214.6,15.3,1.61,75.6,115.8,2.28,23.74,1.59,428.5,Moderate
2023-04-08,194.4,143.5,37.4,131.0,105.9,44.4,3.56,9.4,168.9,1.62,0.32,0.79,362.6,Good
2023-04-09,22.2,268.0,138.0,65.8,238.8,38.4,7.26,86.6,154.4,1.35,17.12,9.29,400.7,Severe
2023-04-10,279.5,329.0,37.2,77.0,25.0,28.3,7.19,34.2,28.5,4.48,12.37,1.24,144.8,Very Poor
2023-04-11,413.7,322.9,103.0,76.5,16.3,3.2,8.52,67.9,185.3,8.63,1.1,4.74,335.2,Severe
2023-04-12,119.6,42.3,155.8,29.4,235.0,24.4,1.76,64.9,83.9,16.87,22.89,3.86,101.1,Very Poor
2023-04-13,347.5,224.9,110.4,99.8,116.8,45.3,6.06,93.8,42.6,10.54,26.6,3.85,136.9,Satisfactory
2023-04-14,380.9,561.0,169.3,94.0,189.0,24.0,3.45,39.8,69.7,3.89,25.78,2.88,457.4,Moderate
2023-04-15,263.8,68.8,119.3,43.7,111.2,11.9,2.04,74.7,0.2,18.8,24.58,0.58,46.2,Moderate
2023-04-16,284.8,190.2,175.0,10.3,209.3,47.3,8.98,90.0,169.4,5.12,14.38,9.08,165.4,Very Poor
2023-04-17,414.0,442.4,77.2,10.4,91.1,41.7,0.44,84.7,72.6,17.24,11.68,4.36,30.2,Severe
2023-04-18,30.7,261.7,84.3,3.4,41.7,32.0,6.4,15.9,141.5,19.16,29.35,4.63,272.0,Poor
2023-04-19,267.0,538.8,139.7,90.5,28.2,22.1,2.78,85.4,118.1,11.36,7.24,1.52,183.3,Satisfactory
2023-04-20,427.9,419.6,163.9,2.5,4.4,37.0,3.52,52.4,31.6,17.08,2.93,9.81,324.2,Good
2023-04-21,263.7,169.9,169.6,49.0,103.7,20.4,3.31,24.6,5.2,13.09,6.77,8.14,197.4,Poor
2023-04-22,155.6,229.9,93.3,36.8,241.2,26.1,8.04,69.1,170.9,5.72,24.82,6.17,235.1,Satisfactory
2023-04-23,308.6,590.8,118.3,121.1,163.9,21.7,0.83,65.5,19.8,15.69,3.85,7.36,34.2,Very Poor
2023-04-24,103.1,155.8,45.2,38.3,5.2,38.1,0.02,76.4,185.7,19.89,19.6,3.46,460.4,Good
2023-04-25,227.4,577.6,101.6,97.4,18.9,2.5,6.14,71.6,87.5,7.69,29.24,4.07,497.7,Very Poor
2023-04-26,21.1,528.8,125.8,75.3,203.6,4.0,4.8,45.2,165.0,18.87,21.86,9.01,13.8,Severe
2023-04-27,421.3,441.8,197.4,38.7,80.5,40.5,7.5,58.1,117.5,16.45,5.74,7.18,6.8,Severe
2023-04-28,466.7,331.4,165.7,113.6,88.6,10.8,7.84,36.1,4.4,11.53,25.63,9.01,469.2,Satisfactory
2023-04-29,381.8,290.3,102.4,14.3,141.9,16.9,4.88,39.9,161.7,15.8,12.02,8.61,297.6,Good
2023-04-30,170.5,468.2,38.6,57.7,165.0,39.6,3.06,21.4,122.6,3.22,20.46,5.37,146.3,Poor
2023-05-01,363.1,47.3,137.2,4.5,68.0,37.1,1.72,8.3,185.7,12.74,6.6,4.68,393.0,Poor
2023-05-02,2.0,298.7,28.8,118.4,164.2,40.8,8.35,85.6,161.3,12.67,13.76,6.54,143.9,Severe
2023-05-03,314.1,33.7,180.8,97.0,179.6,42.8,4.39,56.1,117.0,5.76,6.51,3.82,101.5,Severe
2023-05-04,25.5,221.0,48.1,80.5,216.1,12.4,1.52,78.2,16.0,13.43,17.28,8.3,466.9,Very Poor
2023-05-05,357.7,317.4,72.1,17.2,150.9,24.3,8.92,86.0,52.3,1.9,1.49,2.84,211.9,Moderate
2023-05-06,231.6,461.6,16.5,106.7,219.8,21.7,8.31,27.1,126.3,0.38,8.14,6.18,495.7,Moderate
2023-05-07,354.4,37.7,48.0,56.3,39.9,26.2,0.49,63.1,82.8,10.84,18.31,5.25,182.5,Moderate
2023-05-08,235.1,556.2,136.1,104.7,46.3,32.4,3.4,47.4,148.1,17.42,21.0,9.14,447.8,Moderate
2023-05-09,397.2,461.9,150.3,59.1,122.4,22.5,3.46,43.8,170.0,15.51,9.61,7.86,120.2,Good
2023-05-10,179.0,123.0,124.2,80.3,153.3,20.6,7.93,48.8,145.6,14.63,29.96,4.66,225.1,Very Poor
2023-05-11,421.4,464.9,164.5,68.6,93.6,28.8,2.8,98.2,5.1,5.95,12.73,3.01,430.5,Satisfactory
2023-05-12,299.2,202.8,53.0,133.9,107.7,9.4,5.7,58.2,42.6,19.53,12.56,0.84,135.6,Satisfactory
2023-05-13,289.2,43.3,198.2,8.2,178.2,33.0,3.44,88.5,102.8,18.63,5.7,7.04,280.1,Very Poor
2023-05-14,159.2,45.7,159.6,93.8,80.7,38.0,9.67,76.1,19.8,19.85,4.13,1.75,80.5,Good
2023-05-15,399.3,579.9,18.7,75.1,80.9,32.9,6.72,96.9,64.0,12.38,19.86,1.06,434.7,Good
2023-05-16,109.6,190.6,96.5,143.0,51.6,4.7,1.36,74.5,199.0,2.1,17.83,1.07,426.4,Good
2023-05-17,267.5,66.7,60.9,128.0,123.1,30.0,4.48,65.2,194.2,17.51,18.75,3.11,218.4,Very Poor
2023-05-18,312.8,67.6,167.3,128.6,109.5,24.3,8.99,8.2,122.0,19.82,4.1,9.23,142.0,Moderate
2023-05-19,195.9,338.3,192.7,70.8,226.4,48.3,9.41,31.5,153.1,17.7,11.59,1.15,146.2,Poor
2023-05-20,266.0,538.4,122.8,97.1,234.7,20.9,5.02,84.2,125.0,14.53,29.89,9.09,276.0,Good
2023-05-21,277.0,134.2,93.2,38.0,61.3,43.9,2.9,15.1,67.4,18.44,13.44,6.62,334.0,Very Poor
2023-05-22,136.4,294.8,198.2,137.3,148.9,49.2,7.38,61.7,115.7,4.26,19.7,3.93,245.7,Severe
2023-05-23,119.4,547.6,167.8,33.5,16.8,19.3,0.48,36.9,144.2,17.33,15.29,6.96,97.6,Moderate
2023-05-24,453.7,276.5,99.8,24.5,27.1,41.3,9.15,93.1,7.5,18.88,10.5,4.61,116.3,Moderate
2023-05-25,339.4,46.7,190.8,9.2,178.9,38.4,6.23,36.7,0.6,10.36,28.84,4.27,189.3,Moderate
2023-05-26,494.0,347.8,72.4,125.5,95.3,18.8,5.76,77.6,25.0,3.75,6.77,3.55,268.2,Very Poor
2023-05-27,151.8,453.6,21.0,140.4,148.8,11.6,7.76,40.8,102.9,11.55,19.69,4.17,164.8,Poor
2023-05-28,463.0,64.8,175.8,117.5,223.3,44.8,4.34,70.6,13.3,5.94,7.43,6.62,247.6,Poor
2023-05-29,300.1,475.8,94.7,102.9,216.8,6.0,2.09,39.0,28.2,10.97,12.73,0.19,108.4,Good
2023-05-30,16.0,64.8,165.2,24.9,155.1,4.9,2.32,14.0,34.7,13.83,19.89,7.24,236.4,Moderate
2023-05-31,207.5,202.7,162.1,144.7,50.6,28.0,5.52,54.0,133.7,17.66,16.06,6.91,160.9,Poor
2023-06-01,8.6,42.6,138.5,29.4,197.4,25.5,2.1,60.4,95.8,10.56,4.87,6.49,441.3,Very Poor
2023-06-02,347.2,38.6,99.7,19.0,216.7,2.2,7.29,3.6,188.2,9.84,29.39,5.34,248.0,Severe
2023-06-03,227.5,297.8,102.3,41.3,179.8,18.3,1.91,65.6,143.6,9.2,27.06,2.85,215.4,Severe
2023-06-04,141.4,150.4,172.3,127.9,121.6,17.1,5.13,85.7,133.8,10.76,17.64,8.58,171.0,Good
2023-06-05,407.8,157.7,54.3,148.0,48.8,24.5,8.0,48.2,40.3,11.03,3.17,5.27,53.6,Very Poor
2023-06-06,347.8,416.1,107.8,127.4,9.8,26.5,8.11,35.8,148.5,8.75,16.66,5.02,8.5,Poor
2023-06-07,279.5,166.0,83.8,16.0,218.5,21.1,4.07,82.3,174.7,15.79,17.72,1.18,169.8,Satisfactory
2023-06-08,99.4,438.2,107.8,101.6,84.9,15.1,1.26,85.5,56.3,11.39,1.27,7.45,324.0,Poor
2023-06-09,476.8,368.7,106.3,68.8,153.7,37.5,4.76,82.2,128.5,5.0,20.96,1.24,482.6,Good
2023-06-10,452.1,541.3,145.4,68.5,98.0,5.1,3.9,77.3,198.6,12.82,18.49,4.84,445.5,Good
2023-06-11,355.5,507.5,162.8,113.0,183.4,26.0,0.59,73.7,104.5,0.53,27.09,7.89,293.3,Very Poor
2023-06-12,258.4,490.7,67.8,123.9,70.0,30.5,7.83,13.8,111.1,14.74,17.36,9.12,266.9,Satisfactory
2023-06-13,256.4,36.2,86.0,141.7,215.4,11.7,2.97,10.5,9.9,13.15,29.63,9.74,170.6,Very Poor
2023-06-14,6.4,344.1,186.9,37.5,30.7,28.5,6.43,49.4,71.3,2.95,9.64,5.49,367.0,Moderate
2023-06-15,168.2,98.0,84.2,103.2,122.6,21.8,6.95,36.0,68.2,0.03,1.43,0.42,250.3,Satisfactory
2023-06-16,228.4,480.5,30.0,97.4,238.9,17.8,8.4,56.6,119.7,0.42,26.47,6.11,418.8,Very Poor
2023-06-17,400.0,99.0,59.6,49.3,214.1,24.6,1.02,11.0,109.6,3.42,22.68,5.16,41.2,Satisfactory
2023-06-18,297.2,500.1,38.3,142.3,73.2,30.1,1.54,76.1,49.9,17.88,17.83,6.7,115.9,Very Poor
2023-06-19,122.0,536.6,70.0,142.8,202.0,35.3,9.97,39.5,99.3,0.2,6.27,3.71,475.1,Good
2023-06-20,308.7,581.1,89.6,47.1,192.8,35.4,5.07,89.5,38.0,1.57,0.31,5.28,376.2,Poor
2023-06-21,417.6,376.9,127.0,86.7,69.2,42.3,2.1,91.4,189.6,9.85,10.73,5.17,389.9,Poor
2023-06-22,61.4,450.1,97.2,24.9,115.5,30.7,1.21,28.1,111.3,19.09,10.34,8.53,123.8,Satisfactory
2023-06-23,306.6,326.4,40.8,88.1,169.4,10.6,8.53,9.2,4.3,9.06,12.24,8.98,291.4,Good
2023-06-24,323.7,162.0,91.5,57.8,63.0,47.8,7.19,96.9,76.1,1.6,16.83,0.6,119.7,Moderate
2023-06-25,160.9,306.7,183.4,97.2,109.2,43.9,5.76,33.4,23.2,10.13,5.64,6.17,426.3,Satisfactory
2023-06-26,175.0,275.7,145.7,31.6,142.5,45.1,4.49,86.1,44.5,11.84,22.52,5.54,365.2,Moderate
2023-06-27,29.2,366.6,191.1,44.1,98.9,5.8,7.29,62.9,116.0,12.86,22.78,1.02,263.6,Good
2023-06-28,415.8,12.8,28.3,79.4,93.3,20.4,4.63,61.2,12.5,9.14,13.58,7.5,408.3,Moderate
2023-06-29,199.9,90.0,161.5,21.0,233.0,20.5,9.06,6.5,178.5,1.77,0.28,9.76,381.0,Poor
2023-06-30,110.8,206.5,172.3,30.1,101.1,32.4,7.81,49.1,173.6,13.16,12.9,2.68,404.1,Very Poor
2023-07-01,145.1,203.6,186.8,126.4,5.3,18.5,0.87,52.4,126.2,1.5,19.78,5.88,54.1,Very Poor
2023-07-02,158.1,31.6,4.6,102.9,25.7,7.1,9.33,94.9,168.9,8.45,8.34,5.66,143.9,Moderate
2023-07-03,318.9,65.0,182.2,30.9,116.2,20.7,9.31,61.0,70.8,14.6,27.59,6.11,203.6,Poor
2023-07-04,377.0,370.8,169.2,94.2,50.5,36.1,4.21,7.0,137.5,6.66,28.96,6.61,371.0,Severe
2023-07-05,248.0,484.7,13.2,56.8,5.4,40.3,9.38,22.5,72.4,13.77,16.48,5.88,251.0,Good
2023-07-06,16.2,43.4,178.2,104.2,14.7,15.1,7.22,0.2,20.7,18.18,17.19,7.74,229.6,Very Poor
2023-07-07,65.9,320.6,199.7,109.4,231.3,32.8,3.42,88.2,74.4,2.63,27.74,1.37,24.0,Severe
2023-07-08,406.1,357.5,81.4,106.3,207.7,22.7,3.53,72.8,127.6,14.1,2.74,8.01,316.7,Severe
2023-07-09,100.5,125.0,94.0,110.5,134.9,21.8,6.73,84.2,101.5,8.08,6.77,8.66,202.6,Severe
2023-07-10,364.2,440.8,75.2,111.1,32.0,25.2,4.18,64.4,0.3,15.88,3.02,6.83,381.4,Severe
2023-07-11,257.2,312.8,28.6,99.8,155.0,11.2,8.47,40.9,61.8,7.33,19.56,4.81,143.0,Poor
2023-07-12,24.7,504.3,177.0,1.0,109.7,41.9,7.63,80.4,199.8,2.51,4.95,5.64,373.1,Satisfactory
2023-07-13,83.7,515.7,10.0,42.0,71.2,38.9,8.34,99.4,98.9,13.82,24.11,5.61,96.5,Very Poor
2023-07-14,145.9,303.5,11.9,100.4,137.7,0.4,5.99,34.5,30.7,0.2,24.08,7.42,246.1,Moderate
2023-07-15,193.0,275.2,61.8,5.7,230.8,19.0,9.38,45.6,140.5,13.98,12.7,1.78,136.1,Good
2023-07-16,230.0,386.5,175.1,62.1,10.4,26.3,1.86,64.9,176.1,6.01,20.19,4.24,367.9,Poor
2023-07-17,224.2,405.0,32.1,20.5,224.6,26.7,7.82,89.3,51.0,14.71,5.46,8.85,203.4,Very Poor
2023-07-18,439.9,476.3,145.8,23.5,72.8,21.1,6.5,87.9,80.9,14.23,9.92,6.29,497.7,Very Poor
2023-07-19,345.9,417.5,25.3,104.8,148.9,18.6,0.91,7.9,65.6,6.08,28.36,7.58,396.1,Moderate
2023-07-20,96.3,408.2,39.4,120.9,161.3,29.7,1.1,65.7,185.0,13.86,4.26,6.25,73.7,Severe
2023-07-21,183.9,578.6,38.5,146.0,179.3,5.7,9.08,88.4,160.1,15.71,28.1,9.81,305.3,Moderate
2023-07-22,372.8,263.4,26.0,49.8,141.4,35.1,3.79,41.7,17.6,1.89,17.92,2.71,286.2,Severe
2023-07-23,490.5,284.6,40.2,102.2,44.2,8.7,1.63,19.3,29.8,16.53,23.99,2.13,208.1,Very Poor
2023-07-24,300.2,527.2,187.7,9.5,61.5,1.8,1.61,87.7,116.9,0.27,15.45,0.69,175.2,Good
2023-07-25,154.4,408.6,52.4,143.2,61.1,26.9,4.48,63.4,3.5,12.87,6.94,7.12,77.3,Very Poor
2023-07-26,154.6,581.6,130.0,125.2,163.0,16.8,2.88,19.5,65.0,1.33,20.2,8.5,366.0,Moderate
2023-07-27,178.6,408.1,74.0,112.4,219.4,14.6,2.91,8.8,21.2,8.08,4.5,7.21,196.4,Satisfactory
2023-07-28,354.6,158.2,142.0,117.8,142.8,4.9,2.92,60.5,176.7,4.61,25.68,0.71,292.3,Satisfactory
2023-07-29,278.2,314.2,5.6,45.2,123.5,23.6,3.71,6.4,28.6,9.36,11.59,0.02,246.1,Satisfactory
2023-07-30,131.9,280.9,167.8,15.9,89.8,4.8,8.52,13.8,198.9,10.13,29.75,3.23,439.2,Poor
2023-07-31,22.0,234.5,58.9,47.1,4.5,9.8,7.52,37.6,132.6,17.62,7.03,8.2,370.1,Satisfactory
2023-08-01,29.3,591.8,64.7,83.3,235.9,16.5,5.72,2.6,182.7,16.86,24.88,9.09,52.7,Satisfactory
2023-08-02,229.6,448.7,12.8,7.2,73.7,48.7,5.55,36.1,48.0,7.03,12.59,7.69,222.7,Poor
2023-08-03,227.5,213.5,109.3,73.9,104.4,23.1,0.93,74.8,168.6,2.7,10.88,1.01,168.0,Satisfactory
2023-08-04,51.0,247.0,127.6,55.2,111.2,38.4,5.11,42.6,71.9,7.94,11.59,3.75,128.3,Good
2023-08-05,190.3,21.2,143.8,111.7,129.6,26.8,6.17,66.6,25.0,15.36,18.11,5.26,491.6,Good
2023-08-06,461.3,93.5,11.7,103.1,33.1,8.7,7.59,70.0,143.7,1.94,27.74,4.29,150.9,Poor
2023-08-07,314.2,20.3,180.5,130.5,74.3,2.9,8.25,62.3,156.3,16.4,23.07,7.09,474.9,Very Poor
2023-08-08,8.0,248.2,150.2,47.6,66.7,43.1,0.77,54.3,138.0,4.89,5.86,3.75,96.8,Very Poor
2023-08-09,58.0,582.7,26.1,116.0,147.8,25.3,7.86,11.3,56.2,2.48,3.49,2.53,308.3,Satisfactory
2023-08-10,430.7,337.0,191.5,30.6,89.7,3.8,3.61,1.8,150.4,10.35,11.95,4.79,479.6,Severe
2023-08-11,276.0,589.2,159.4,136.4,245.0,1.7,8.86,31.0,182.7,12.35,27.54,5.51,259.7,Very Poor
2023-08-12,314.9,93.0,67.0,62.0,241.5,35.6,3.52,85.8,53.9,7.0,12.32,3.72,382.0,Severe
2023-08-13,476.0,273.9,96.3,91.5,131.2,17.7,6.39,38.2,166.9,15.42,23.59,7.28,467.1,Very Poor
2023-08-14,261.3,65.1,67.6,13.5,37.5,2.0,4.42,82.1,105.5,11.26,28.11,6.04,81.8,Satisfactory
2023-08-15,355.2,269.6,56.4,144.9,159.3,46.9,5.89,10.9,75.8,3.86,3.66,8.3,116.6,Poor
2023-08-16,95.9,142.5,179.5,115.3,236.5,10.3,2.47,22.7,165.0,7.9,4.76,1.96,340.3,Satisfactory
2023-08-17,422.7,354.8,156.9,11.1,242.1,22.6,9.54,25.5,47.4,5.7,4.59,2.15,263.4,Poor
2023-08-18,217.7,531.3,14.9,102.9,84.3,27.2,1.55,46.1,121.6,10.86,13.96,8.17,350.1,Severe
2023-08-19,289.4,67.5,150.0,47.5,36.5,42.1,5.01,9.7,192.1,19.35,17.98,7.19,434.0,Very Poor
2023-08-20,418.3,241.5,195.8,77.2,199.4,41.3,5.31,63.0,90.4,12.3,28.38,1.17,210.1,Satisfactory
2023-08-21,87.8,151.6,150.7,21.9,218.5,45.4,1.43,95.2,33.9,19.44,22.52,8.77,280.7,Poor
2023-08-22,355.9,593.4,94.8,95.3,213.9,35.5,1.1,30.8,192.9,16.03,19.25,5.41,239.9,Very Poor
2023-08-23,255.0,422.4,38.5,30.2,211.8,5.7,6.54,69.8,139.1,8.44,8.53,9.58,482.6,Satisfactory
2023-08-24,409.3,62.5,163.3,2.6,232.5,41.2,8.99,89.6,40.1,11.48,4.17,8.06,207.2,Severe
2023-08-25,285.7,112.5,76.7,83.5,45.9,35.8,2.03,94.7,186.2,12.19,26.45,8.55,391.3,Severe
2023-08-26,75.3,413.5,156.6,56.6,14.9,25.5,1.05,76.1,47.7,4.11,14.03,3.88,265.6,Poor
2023-08-27,316.9,21.8,23.1,35.9,90.6,22.9,6.86,44.9,195.2,7.37,16.88,5.05,12.0,Severe
2023-08-28,340.7,572.6,160.9,99.8,226.3,14.9,6.73,38.3,136.5,7.86,22.01,1.42,455.8,Very Poor
2023-08-29,205.5,160.9,9.0,12.4,194.6,3.1,9.43,69.6,195.3,4.18,18.29,0.94,277.9,Good
2023-08-30,114.2,353.5,1.8,38.4,23.3,4.8,8.6,93.0,37.1,7.77,26.38,1.7,415.5,Moderate
2023-08-31,181.6,499.4,182.0,21.4,38.2,2.2,3.66,10.1,20.6,8.41,22.52,6.39,436.2,Good
2023-09-01,75.5,475.7,174.7,30.7,82.5,28.8,8.75,53.9,149.5,1.9,8.82,5.28,376.0,Severe
2023-09-02,144.0,240.2,31.9,139.6,43.4,30.4,8.25,61.7,142.5,0.73,14.92,2.13,137.3,Severe
2023-09-03,39.4,526.9,53.7,46.3,91.8,18.8,0.46,92.1,27.7,13.51,19.22,3.14,453.7,Moderate
2023-09-04,471.7,517.7,79.6,14.0,96.1,3.9,4.27,32.1,102.6,16.65,18.42,2.65,328.7,Good
2023-09-05,8.7,203.1,64.5,13.2,112.4,13.6,4.39,51.0,26.9,2.52,12.33,9.63,369.8,Good
2023-09-06,63.2,506.5,36.2,97.4,180.1,4.9,5.49,90.0,180.8,16.31,6.56,3.69,306.8,Satisfactory
2023-09-07,55.0,515.8,117.3,136.1,197.9,35.2,0.97,54.5,3.8,2.29,23.44,5.71,462.4,Severe
2023-09-08,209.4,254.9,191.8,32.7,146.5,44.3,0.35,55.8,198.9,14.34,27.11,9.59,232.8,Good
2023-09-09,291.0,254.6,81.5,24.2,18.3,13.5,2.63,8.7,135.7,1.08,24.02,0.71,275.9,Poor
2023-09-10,436.1,103.6,110.3,48.7,162.0,41.1,9.34,63.3,94.8,19.29,2.3,8.13,203.1,Good
2023-09-11,238.1,390.7,94.8,20.1,101.5,31.5,4.22,43.4,71.9,15.15,15.96,9.49,194.1,Poor
2023-09-12,148.0,34.4,34.8,2.6,179.7,8.8,6.24,12.9,100.0,0.81,24.8,4.41,427.9,Poor
2023-09-13,18.3,536.6,179.7,51.4,138.4,26.5,0.65,52.7,164.4,5.67,28.94,8.19,454.1,Very Poor
2023-09-14,187.5,71.1,89.1,87.0,188.3,48.8,1.37,42.5,153.1,0.53,15.92,5.67,142.7,Poor
2023-09-15,46.7,357.1,35.0,33.4,189.4,22.1,7.61,46.7,86.5,2.91,28.51,2.28,240.9,Good
2023-09-16,225.2,452.7,193.0,32.4,53.1,34.8,7.51,2.6,44.7,15.67,5.24,8.38,15.5,Good
2023-09-17,262.0,302.4,88.3,118.1,165.9,20.0,9.24,85.7,154.8,8.13,13.81,0.79,102.6,Poor
2023-09-18,385.8,270.2,184.4,105.1,160.1,44.5,4.17,39.0,185.9,3.3,12.67,3.79,91.9,Very Poor
2023-09-19,375.6,66.0,141.8,50.2,38.0,31.3,1.15,44.8,146.7,16.75,25.97,5.35,241.6,Very Poor
2023-09-20,309.9,168.6,181.8,50.2,48.5,17.3,9.85,45.9,151.5,16.54,17.72,9.18,181.0,Very Poor
2023-09-21,63.2,574.8,27.3,69.4,105.8,20.2,3.86,8.9,50.2,4.05,16.0,4.79,433.0,Severe
2023-09-22,439.0,193.1,144.6,41.9,29.5,11.2,8.3,97.0,32.6,5.76,20.41,2.27,354.1,Very Poor
2023-09-23,329.3,508.7,130.3,72.7,61.1,32.5,0.12,10.3,92.3,15.73,16.39,6.48,375.0,Good
2023-09-24,11.2,209.7,104.8,80.4,50.9,49.4,2.59,71.7,80.9,10.7,16.66,8.55,323.4,Poor
2023-09-25,353.6,423.9,123.3,18.7,50.8,13.8,0.75,91.7,81.4,2.2,13.29,1.63,333.1,Poor
2023-09-26,294.3,264.7,24.6,9.0,122.5,46.8,7.55,12.4,85.6,17.45,4.51,1.98,478.8,Poor
2023-09-27,315.5,539.9,124.9,87.0,7.3,11.8,8.13,11.7,144.4,1.01,26.06,5.94,282.1,Very Poor
2023-09-28,341.0,547.3,69.9,71.8,184.9,46.5,9.06,49.0,26.7,17.14,29.34,2.83,9.5,Very Poor
2023-09-29,70.8,582.4,70.7,149.7,122.6,18.2,9.04,59.5,75.6,7.43,8.0,9.89,166.5,Severe
2023-09-30,424.4,48.3,97.0,147.9,190.6,4.4,1.92,88.6,151.7,5.05,15.93,1.65,199.7,Good
2023-10-01,172.2,283.0,23.2,113.5,62.3,13.7,1.47,51.5,85.0,16.3,21.83,3.08,390.2,Moderate
2023-10-02,473.7,205.5,108.2,20.4,44.5,25.4,2.12,69.9,102.5,13.35,5.85,2.25,283.5,Good
2023-10-03,198.0,382.8,145.4,76.1,151.4,2.5,5.38,42.8,132.1,10.6,27.37,3.4,241.0,Good
2023-10-04,134.5,200.9,37.0,116.7,165.2,36.1,3.06,17.0,17.3,18.68,8.99,5.04,241.5,Severe
2023-10-05,91.9,325.1,27.8,145.3,36.3,19.4,9.37,35.9,197.7,12.62,13.95,1.29,65.6,Good
2023-10-06,464.3,274.5,31.1,93.2,241.6,19.7,0.67,40.0,197.5,1.88,14.42,5.73,188.4,Moderate
2023-10-07,198.7,210.4,4.4,81.9,122.8,12.5,1.64,7.8,47.0,16.35,22.27,0.05,74.1,Moderate
2023-10-08,496.4,126.1,10.4,127.3,122.5,32.8,4.95,70.9,169.1,18.71,27.89,5.14,472.8,Satisfactory
2023-10-09,246.9,24.5,166.9,24.0,246.5,37.1,1.41,66.9,9.8,12.54,3.39,1.16,315.5,Good
2023-10-10,366.2,262.3,177.6,4.3,93.0,47.2,9.29,67.2,137.9,8.8,28.05,8.32,264.9,Satisfactory
2023-10-11,274.1,411.6,106.1,136.3,107.7,1.1,3.43,12.8,54.4,4.08,8.6,1.65,413.6,Severe
2023-10-12,415.4,448.7,23.9,54.3,238.5,10.6,1.53,32.9,121.3,15.08,29.14,1.43,445.7,Satisfactory
2023-10-13,7.9,211.2,147.2,136.7,196.1,28.0,3.59,63.7,165.4,17.46,10.42,0.11,48.6,Good
2023-10-14,317.0,388.9,139.9,128.6,149.1,39.0,9.48,21.8,132.3,16.68,14.28,7.27,474.2,Poor
2023-10-15,133.9,188.0,77.2,127.4,93.4,3.3,9.09,57.5,56.7,18.69,12.08,0.64,206.3,Very Poor
2023-10-16,497.9,544.9,50.9,147.6,117.6,15.0,6.56,74.8,181.4,3.38,10.62,2.21,329.6,Severe
2023-10-17,367.4,142.4,194.3,114.7,40.7,3.2,1.65,31.9,24.8,17.75,17.28,3.37,216.8,Very Poor
2023-10-18,205.7,492.9,126.9,72.0,137.2,48.1,0.83,0.3,82.3,15.28,2.28,8.56,258.9,Poor
2023-10-19,358.8,46.9,120.1,46.2,165.9,8.5,9.97,54.4,41.4,16.77,20.78,6.14,225.1,Good
2023-10-20,79.4,360.9,59.3,109.3,222.1,48.0,8.65,33.1,90.3,2.83,4.19,6.8,172.5,Moderate
2023-10-21,110.4,331.9,71.2,30.2,127.9,11.9,4.66,36.5,137.2,18.78,27.0,4.9,97.2,Very Poor
2023-10-22,173.0,216.6,77.3,90.0,140.5,14.6,9.45,0.3,116.9,14.74,24.78,4.46,453.9,Poor
2023-10-23,340.2,449.4,150.5,46.7,69.5,7.5,3.54,27.4,61.2,14.03,6.05,1.28,364.2,Satisfactory
2023-10-24,140.6,201.1,188.0,22.4,123.2,27.0,8.71,76.2,92.7,19.76,29.15,6.88,369.4,Satisfactory
2023-10-25,186.3,394.4,32.3,5.0,17.2,45.8,4.2,95.8,27.2,15.67,7.55,5.92,225.8,Moderate
2023-10-26,107.7,554.0,35.6,71.1,97.3,7.9,6.94,35.0,28.5,12.48,29.62,9.13,357.5,Satisfactory
2023-10-27,62.3,368.7,95.6,114.7,60.1,29.8,0.14,74.3,167.7,18.97,1.15,9.1,444.2,Good
2023-10-28,388.5,50.3,117.0,50.8,119.5,8.1,2.87,40.8,127.9,19.65,11.87,9.97,137.4,Moderate
2023-10-29,293.3,582.4,180.4,119.0,87.5,10.2,3.07,51.1,168.7,17.47,4.24,8.37,328.4,Moderate
2023-10-30,291.6,281.6,81.7,12.4,80.7,30.2,5.33,28.6,111.5,16.67,25.11,1.64,441.5,Severe
2023-10-31,42.3,176.9,120.8,64.4,110.9,15.4,5.69,54.6,13.6,17.63,23.46,4.13,360.6,Good
2023-11-01,480.6,337.3,157.5,78.5,1.9,36.8,2.47,47.7,62.4,12.75,29.36,8.19,165.6,Satisfactory
2023-11-02,435.5,465.5,85.3,14.1,166.6,34.3,6.67,42.5,139.5,8.83,5.09,6.77,493.4,Severe
2023-11-03,415.1,301.3,156.2,55.8,204.2,46.6,4.21,84.7,162.2,12.76,4.44,4.8,87.4,Satisfactory
2023-11-04,377.1,429.7,139.9,63.8,183.5,29.3,8.24,37.2,143.6,5.61,7.7,8.8,361.7,Severe
2023-11-05,293.0,260.8,133.0,2.7,172.8,30.5,6.65,21.1,154.4,12.23,9.69,3.12,217.8,Very Poor
2023-11-06,260.8,386.9,117.5,44.3,18.1,1.4,6.86,83.2,141.6,16.43,23.01,8.26,359.1,Satisfactory
2023-11-07,204.6,277.4,91.0,38.9,247.3,21.2,6.33,72.8,164.2,5.91,25.41,5.69,21.0,Severe
2023-11-08,346.9,180.2,5.9,130.5,128.4,45.4,9.96,15.6,151.4,17.16,25.52,0.92,283.4,Satisfactory
2023-11-09,279.6,18.2,170.3,32.0,202.2,0.7,7.45,45.3,156.1,13.1,10.43,4.74,182.2,Good
2023-11-10,1.1,445.4,199.5,81.8,174.0,9.1,8.78,17.6,69.1,6.76,12.27,2.48,302.0,Satisfactory
2023-11-11,229.7,227.7,175.5,2.1,246.3,12.7,2.39,16.2,2.3,15.79,11.07,3.7,241.0,Moderate
2023-11-12,343.7,232.3,103.3,40.6,90.0,47.7,9.56,40.7,179.1,14.53,19.63,8.11,349.7,Good
2023-11-13,167.5,39.6,122.1,114.3,18.6,20.0,7.26,92.8,63.8,3.34,5.14,9.25,360.3,Moderate
2023-11-14,102.9,445.5,161.4,124.0,96.5,7.7,2.85,96.9,89.4,16.76,10.82,2.12,314.2,Poor
2023-11-15,48.1,533.2,61.5,117.9,152.7,25.5,3.34,56.1,67.8,5.28,27.62,1.45,156.9,Poor
2023-11-16,351.2,217.4,54.2,55.7,120.8,11.7,0.82,98.3,86.2,3.47,9.23,8.63,289.5,Moderate
2023-11-17,166.7,40.4,0.8,121.0,100.4,11.0,6.29,45.9,30.0,6.97,16.09,0.76,381.3,Poor
2023-11-18,216.9,72.6,10.2,45.5,242.9,45.5,2.07,5.3,89.2,13.52,18.48,7.65,297.7,Severe
2023-11-19,160.9,213.6,47.2,17.8,216.9,1.3,5.13,51.0,125.6,10.15,11.89,5.94,418.8,Very Poor
2023-11-20,384.7,79.5,130.8,108.9,172.9,34.9,8.68,11.7,173.5,12.4,21.68,6.05,51.7,Very Poor
2023-11-21,206.0,227.9,144.8,135.3,129.2,35.4,3.67,39.4,138.9,7.48,21.23,7.69,217.1,Severe
2023-11-22,488.9,508.4,198.4,20.8,116.3,25.6,8.69,92.1,56.8,12.54,16.36,10.0,195.3,Severe
2023-11-23,435.0,213.3,51.4,79.6,242.0,44.4,4.51,31.2,80.7,10.03,13.5,0.32,458.9,Severe
2023-11-24,397.5,232.3,53.8,15.4,18.1,16.7,4.44,63.4,25.6,19.99,1.49,7.5,119.6,Moderate
2023-11-25,192.0,254.2,188.1,132.8,125.4,32.9,4.57,56.1,110.4,7.42,21.63,3.26,337.3,Severe
2023-11-26,383.5,481.4,120.4,100.5,11.1,29.3,5.59,96.9,75.6,10.38,16.55,6.91,394.3,Severe
2023-11-27,318.0,492.3,120.5,77.0,197.7,10.2,2.97,66.9,5.1,15.08,29.84,7.49,363.9,Good
2023-11-28,323.4,218.3,148.9,102.5,200.4,45.0,8.65,88.0,164.6,5.31,14.56,9.28,121.5,Satisfactory
2023-11-29,483.0,95.6,96.3,113.9,138.3,31.1,0.89,29.8,46.8,14.38,25.14,7.5,317.1,Moderate
2023-11-30,263.5,330.7,92.3,3.4,191.9,6.6,3.22,80.0,45.7,4.89,14.33,8.67,419.4,Moderate
2023-12-01,175.8,556.5,97.7,77.1,19.7,0.9,0.9,40.4,184.8,15.09,9.15,4.83,24.6,Severe
2023-12-02,387.9,307.7,96.2,44.8,233.5,15.9,8.21,9.1,178.0,12.6,21.69,3.13,148.8,Satisfactory
2023-12-03,314.1,341.1,161.6,101.3,133.0,40.1,2.99,53.0,172.0,2.67,6.29,7.9,498.0,Good
2023-12-04,286.4,141.4,80.3,41.6,69.8,31.3,7.83,66.9,78.0,18.82,12.56,7.48,29.5,Good
2023-12-05,406.3,219.0,117.0,41.0,187.2,32.2,7.62,17.3,124.6,1.6,25.04,9.72,377.0,Poor
2023-12-06,307.5,465.5,193.7,35.9,16.8,3.8,7.25,30.9,186.1,18.73,23.15,3.21,333.5,Moderate
2023-12-07,346.8,452.0,11.3,106.4,93.2,4.0,1.83,42.3,27.2,6.33,6.78,9.65,77.4,Moderate
2023-12-08,164.7,97.6,73.2,50.5,242.6,34.9,6.66,89.7,134.8,1.78,4.27,0.37,423.8,Very Poor
2023-12-09,361.1,255.3,77.3,72.4,109.2,0.9,9.58,69.9,44.3,19.89,2.86,6.05,126.5,Very Poor
2023-12-10,410.6,55.7,136.8,118.2,227.5,9.1,1.75,98.9,109.2,3.38,7.55,3.39,258.6,Very Poor
2023-12-11,306.0,323.4,163.6,69.7,135.2,48.9,5.87,6.1,132.7,3.94,29.46,8.59,223.1,Very Poor
2023-12-12,154.5,306.6,59.4,18.0,72.0,43.5,7.12,71.6,92.6,8.21,29.37,3.35,330.1,Poor
2023-12-13,69.9,259.4,109.0,52.2,9.1,7.9,0.62,27.3,123.8,9.57,27.27,0.4,378.3,Severe
2023-12-14,76.1,73.7,137.5,17.2,249.4,20.7,8.69,86.3,89.6,6.79,3.05,7.46,145.8,Poor
2023-12-15,61.3,49.6,93.1,46.1,97.7,1.2,0.54,93.5,130.5,4.69,7.48,0.9,455.2,Satisfactory
2023-12-16,374.0,138.3,123.5,108.3,151.8,12.6,9.4,80.5,192.8,10.39,25.72,8.71,470.5,Very Poor
2023-12-17,402.5,323.7,2.5,121.3,138.4,13.5,5.64,92.6,65.7,3.69,11.68,5.21,259.4,Very Poor
2023-12-18,92.0,251.6,146.9,146.6,127.5,43.5,2.35,52.6,183.2,17.28,28.66,5.71,494.8,Poor
2023-12-19,410.8,399.2,151.2,61.9,134.7,19.8,8.43,70.4,146.1,7.6,28.12,5.95,336.9,Moderate
2023-12-20,241.5,500.3,131.7,36.0,59.9,31.6,2.88,54.8,44.5,7.5,9.21,2.87,16.3,Satisfactory
2023-12-21,94.8,360.3,141.2,134.8,241.9,20.0,3.23,23.8,139.9,16.67,29.47,1.06,351.1,Moderate
2023-12-22,378.6,147.8,118.4,10.1,13.4,44.5,0.37,54.4,96.7,4.28,25.7,5.12,400.4,Moderate
2023-12-23,73.6,348.4,66.7,144.3,185.2,22.5,4.52,46.5,177.6,1.37,0.7,7.47,134.0,Poor
2023-12-24,56.0,505.1,13.4,11.8,70.8,5.5,5.83,24.2,141.5,4.21,5.76,9.16,139.5,Moderate
2023-12-25,104.7,567.0,163.3,23.7,167.3,16.3,1.15,67.1,28.3,6.87,14.41,9.6,369.2,Satisfactory
2023-12-26,432.1,380.7,27.2,137.9,217.7,49.0,0.69,94.7,117.2,9.62,0.44,5.55,159.9,Moderate
2023-12-27,57.2,599.4,47.5,139.0,111.4,36.4,1.32,88.7,159.6,2.18,5.98,8.78,356.8,Severe
2023-12-28,458.4,458.7,167.7,90.0,87.7,49.1,3.38,74.7,148.6,18.72,4.32,7.29,476.2,Severe
2023-12-29,317.9,163.0,22.4,29.7,178.5,16.1,5.1,1.9,31.7,3.04,12.94,4.17,440.4,Very Poor
2023-12-30,299.7,235.7,21.1,104.2,204.9,35.5,2.88,33.7,145.7,0.76,1.01,6.92,473.8,Poor
2023-12-31,194.0,187.4,75.9,116.7,4.1,0.3,7.02,19.2,85.8,3.43,23.39,7.81,111.3,Poor
2024-01-01,475.7,396.7,178.0,85.5,190.9,11.5,0.5,36.0,133.3,3.54,28.36,5.0,342.9,Satisfactory
2024-01-02,461.8,491.1,69.2,49.8,106.3,17.2,8.82,20.7,91.1,17.9,0.14,2.24,64.9,Very Poor
2024-01-03,15.2,125.4,133.2,28.2,177.8,45.7,3.46,0.7,57.9,2.09,27.15,1.07,279.9,Severe
2024-01-04,331.2,300.1,164.1,62.2,231.9,47.7,3.93,39.6,158.0,17.28,19.12,8.16,484.8,Good
2024-01-05,189.7,22.7,163.8,129.9,135.1,34.0,0.76,16.7,97.8,16.56,12.23,7.82,450.6,Poor
2024-01-06,256.8,425.7,27.7,81.9,64.6,34.1,9.22,29.0,193.0,15.17,11.22,2.78,458.9,Good
2024-01-07,242.9,494.5,47.6,71.9,84.2,21.8,5.86,8.5,159.0,5.07,20.4,0.63,394.9,Severe
2024-01-08,432.6,189.8,53.7,24.1,170.2,46.8,0.04,38.7,4.6,0.31,12.2,0.4,53.5,Poor
2024-01-09,447.8,501.6,37.0,125.6,152.1,16.1,9.01,78.8,45.9,16.64,4.67,0.68,406.6,Good
2024-01-10,334.5,599.8,86.5,73.6,176.3,14.8,0.63,26.1,48.7,8.27,15.7,1.35,174.7,Poor
2024-01-11,136.5,586.5,128.3,1.8,13.4,32.3,2.96,59.9,11.5,18.94,14.14,3.02,190.6,Severe
2024-01-12,3.4,40.1,88.5,37.5,186.7,35.8,3.81,81.4,72.1,11.75,25.42,0.55,216.3,Poor
2024-01-13,256.2,13.5,20.8,122.8,96.9,3.5,2.75,84.1,52.8,5.36,18.87,9.49,12.6,Moderate
2024-01-14,244.6,432.5,130.3,35.7,188.4,46.5,3.41,77.0,29.3,14.74,14.29,1.54,424.4,Very Poor
2024-01-15,434.7,470.3,139.7,135.6,228.8,37.9,4.94,15.0,45.7,3.58,29.02,2.84,123.8,Poor
2024-01-16,228.1,417.1,61.0,106.8,214.2,46.6,3.49,69.8,161.6,1.93,8.17,3.33,273.6,Severe
2024-01-17,70.0,93.1,119.2,143.0,147.4,33.2,5.07,86.6,10.6,14.43,21.58,6.81,349.5,Poor
2024-01-18,448.3,543.0,17.0,72.8,225.8,46.3,9.72,13.7,31.3,16.61,4.8,8.21,224.0,Good
2024-01-19,371.4,35.2,39.6,51.8,217.6,20.8,9.25,77.9,68.8,9.06,14.12,6.83,237.2,Moderate
2024-01-20,415.1,271.9,48.2,1.9,66.4,28.7,0.11,98.4,160.0,14.94,24.03,0.12,127.2,Moderate
2024-01-21,212.8,302.2,70.2,91.6,215.3,11.8,7.74,30.9,160.8,1.86,5.49,5.37,174.2,Moderate
2024-01-22,344.1,61.0,71.1,19.9,100.1,40.3,2.32,13.2,81.5,19.1,6.64,3.57,44.8,Satisfactory
2024-01-23,312.0,560.8,81.0,115.1,1.5,21.7,1.0,32.7,3.9,16.07,10.69,4.59,258.8,Moderate
2024-01-24,215.7,471.7,42.1,88.7,97.9,33.3,3.84,97.7,141.5,18.93,4.82,8.23,307.3,Satisfactory
2024-01-25,447.5,244.3,165.1,91.3,66.6,25.9,3.75,48.3,146.5,3.26,23.09,3.87,76.6,Good
2024-01-26,200.3,592.0,163.6,7.7,245.7,20.9,6.54,72.6,64.4,4.4,22.92,4.35,298.9,Very Poor
2024-01-27,351.9,376.9,143.4,7.0,169.5,9.9,4.34,1.3,2.4,6.12,20.75,0.79,88.5,Poor
2024-01-28,42.4,518.6,93.3,35.6,234.1,7.2,7.59,27.2,171.7,8.76,2.41,0.19,292.9,Poor
2024-01-29,21.6,320.2,38.8,13.4,163.7,18.2,5.87,61.2,110.1,16.26,14.85,6.55,363.0,Poor
2024-01-30,255.4,164.1,106.2,64.0,68.6,16.1,1.3,4.5,24.0,16.42,5.39,8.95,117.6,Very Poor
2024-01-31,160.2,372.8,121.3,102.7,81.9,48.1,9.77,53.4,45.4,11.13,4.95,8.84,412.4,Severe
2024-02-01,154.5,186.1,191.3,63.0,105.7,40.3,6.76,49.8,79.0,17.12,20.46,7.98,294.9,Severe
2024-02-02,189.1,129.9,120.0,97.7,137.3,5.4,3.58,6.6,177.2,12.74,19.55,6.66,234.7,Severe
2024-02-03,314.4,206.9,106.1,125.1,225.1,43.9,0.32,59.6,150.1,19.67,17.7,2.03,313.2,Moderate
2024-02-04,435.9,61.4,145.9,133.4,198.5,35.4,9.15,74.8,188.4,1.67,4.47,6.06,338.9,Satisfactory
2024-02-05,216.2,144.7,48.1,130.9,123.8,9.1,1.58,79.1,164.0,15.74,14.01,9.64,344.6,Satisfactory
2024-02-06,132.2,316.1,128.5,17.9,85.6,15.3,1.45,68.4,111.0,0.53,14.61,1.51,114.8,Very Poor
2024-02-07,87.6,541.9,49.8,79.3,104.5,0.9,1.07,3.1,13.4,8.83,15.72,5.06,155.7,Good
2024-02-08,236.4,177.0,120.3,26.9,69.7,14.9,4.03,67.1,199.2,0.07,25.79,4.05,342.0,Severe
2024-02-09,192.9,481.1,93.9,9.7,126.0,48.7,2.97,95.2,188.4,4.53,22.44,8.31,296.0,Moderate
2024-02-10,165.8,157.6,168.3,27.8,205.5,22.1,9.64,11.2,39.3,12.04,17.76,7.75,260.5,Good
2024-02-11,20.8,277.3,191.7,17.3,11.0,45.6,7.03,70.4,76.9,0.48,19.01,5.33,289.7,Severe
2024-02-12,411.3,450.0,115.5,105.3,134.5,3.1,2.7,73.5,73.2,14.2,13.56,5.64,295.7,Poor
2024-02-13,288.9,302.8,36.3,124.6,185.6,7.4,5.65,81.0,92.9,7.42,11.07,3.02,328.6,Severe
2024-02-14,129.6,543.5,192.1,87.9,148.9,43.8,5.43,30.5,109.4,18.22,17.16,7.64,330.3,Good
2024-02-15,210.6,103.0,40.2,127.3,68.0,41.4,0.3,15.4,195.6,19.17,15.75,2.1,116.8,Severe
2024-02-16,161.8,523.6,12.6,59.1,63.9,38.1,6.33,70.0,179.0,7.1,13.14,4.65,299.9,Poor
2024-02-17,143.9,167.9,9.7,21.1,6.7,2.0,5.84,68.8,175.6,0.32,1.38,7.61,167.2,Moderate
2024-02-18,292.3,202.6,183.6,27.4,82.9,37.9,4.11,7.1,195.8,6.19,5.12,1.03,271.0,Moderate
2024-02-19,213.4,129.8,12.8,145.6,40.9,30.8,5.29,46.9,178.2,14.79,11.76,4.76,164.8,Satisfactory
2024-02-20,441.5,274.9,100.9,76.2,63.2,4.0,3.14,44.1,160.2,6.76,21.75,4.7,43.4,Poor
2024-02-21,329.4,419.0,101.5,68.3,43.2,25.4,1.62,77.7,11.2,14.61,8.24,7.17,177.1,Satisfactory
2024-02-22,207.5,453.9,180.4,92.7,92.2,42.2,3.89,78.2,105.7,18.95,17.39,2.69,416.9,Poor
2024-02-23,392.0,431.9,77.3,34.4,123.6,25.3,0.11,34.6,112.2,8.46,3.44,8.25,65.0,Satisfactory
2024-02-24,163.7,347.6,99.5,15.0,201.8,49.1,4.32,50.8,184.1,10.51,25.39,0.6,121.3,Satisfactory
2024-02-25,357.3,362.2,15.8,106.2,86.3,15.5,8.18,87.4,94.6,6.73,27.85,4.49,46.7,Very Poor
2024-02-26,66.4,4.1,127.9,14.7,192.0,3.6,2.72,19.6,44.2,4.16,13.42,0.7,51.2,Good
2024-02-27,476.9,285.2,53.1,41.6,100.5,6.0,4.16,57.0,86.3,0.32,8.84,3.8,287.3,Severe
2024-02-28,221.7,437.1,94.5,78.9,194.2,35.9,8.87,95.5,25.3,4.89,22.45,5.55,77.9,Very Poor
2024-02-29,317.7,489.5,41.6,62.7,167.4,23.1,7.31,87.2,120.9,10.41,22.76,7.14,146.1,Satisfactory
2024-03-01,150.2,320.8,114.6,141.8,130.9,21.6,7.83,24.5,96.0,3.38,19.93,0.36,312.0,Good
2024-03-02,277.8,114.2,158.1,115.2,157.4,43.2,9.6,46.5,4.2,2.29,8.4,1.53,406.2,Poor
2024-03-03,62.0,190.6,87.5,42.7,31.8,10.9,2.29,88.6,60.1,16.12,15.86,2.51,26.4,Very Poor
2024-03-04,489.3,354.5,178.0,67.6,19.6,33.4,8.64,50.0,115.0,0.59,5.44,1.52,472.5,Poor
2024-03-05,383.5,116.9,10.5,25.5,115.7,14.4,0.08,32.9,33.2,9.19,9.48,1.52,254.8,Severe
2024-03-06,156.7,89.4,101.9,141.0,174.8,10.9,2.22,43.0,40.4,12.31,17.29,9.34,50.4,Good
2024-03-07,217.4,291.1,107.7,24.6,158.1,18.7,1.03,62.3,165.0,18.89,5.37,5.54,63.7,Moderate
2024-03-08,42.1,580.4,79.7,147.1,154.0,25.0,9.76,65.2,181.3,8.59,6.5,2.46,88.9,Severe
2024-03-09,32.1,68.2,170.7,43.7,15.9,37.3,3.63,13.3,77.1,0.14,27.04,8.35,271.3,Good
2024-03-10,263.0,108.6,119.6,145.3,69.5,16.6,8.74,38.3,162.7,19.46,17.14,4.55,433.4,Severe
2024-03-11,222.7,279.9,26.0,102.4,77.3,13.4,5.67,1.1,146.4,4.67,2.91,8.6,266.8,Very Poor
2024-03-12,160.7,367.7,54.3,119.0,25.2,44.1,7.38,58.5,38.9,0.76,14.45,5.24,234.4,Poor
2024-03-13,177.6,169.0,65.5,81.3,96.1,26.9,7.99,53.6,188.9,2.84,15.09,8.99,453.7,Good
2024-03-14,72.2,35.6,37.7,103.4,27.9,33.1,0.35,50.2,34.0,18.51,12.97,2.93,483.7,Very Poor
2024-03-15,486.1,426.6,120.7,135.6,220.0,35.9,3.76,14.5,141.0,7.19,27.93,1.25,322.6,Satisfactory
2024-03-16,487.2,148.0,0.2,14.5,221.3,42.9,1.83,65.3,88.8,3.74,7.45,9.08,175.4,Poor
2024-03-17,421.3,56.6,142.7,81.3,148.8,17.1,6.57,29.4,11.7,19.34,12.81,9.03,376.9,Moderate
2024-03-18,471.0,130.8,95.7,46.6,247.4,15.9,3.46,27.3,57.6,11.13,17.88,0.77,137.1,Poor
2024-03-19,226.3,101.5,111.8,12.6,132.6,22.5,0.36,46.7,5.6,7.7,28.94,6.47,24.0,Poor
2024-03-20,436.8,148.6,160.7,90.5,132.4,0.0,5.43,80.3,132.9,8.45,26.72,1.09,93.3,Satisfactory
2024-03-21,199.0,230.3,153.8,70.8,39.8,40.7,7.57,17.6,33.8,15.0,23.05,5.76,355.0,Moderate
2024-03-22,115.2,319.4,179.9,51.4,167.2,12.4,9.48,15.8,124.9,11.07,15.67,5.22,398.7,Poor
2024-03-23,265.6,225.9,115.6,147.5,28.7,24.5,5.62,99.3,124.7,3.4,27.92,0.58,486.7,Good
2024-03-24,54.2,450.5,159.6,1.2,226.5,26.9,3.4,6.4,75.9,17.75,27.44,2.66,184.0,Very Poor
2024-03-25,322.8,129.4,133.2,34.5,209.8,37.0,3.87,6.2,23.4,12.41,27.92,0.68,458.5,Satisfactory
2024-03-26,383.1,209.2,109.2,57.0,48.0,33.8,6.43,16.6,20.5,2.37,0.61,8.87,132.8,Very Poor
2024-03-27,247.3,580.9,87.9,111.7,70.5,31.3,5.25,40.2,29.9,10.51,15.06,5.28,9.6,Satisfactory
2024-03-28,285.3,6.8,174.7,81.4,105.8,39.3,9.49,49.2,88.8,12.05,29.25,1.63,377.4,Satisfactory
2024-03-29,192.1,17.1,128.5,123.0,208.8,49.3,5.01,53.1,48.8,0.91,27.09,7.54,246.1,Moderate
2024-03-30,357.8,179.9,16.0,112.1,244.9,25.1,5.4,34.5,116.3,8.47,3.06,6.24,386.7,Satisfactory
2024-03-31,191.4,567.1,16.5,19.8,48.6,33.7,1.87,58.4,10.6,12.64,13.02,0.69,340.0,Severe
2024-04-01,397.2,264.0,95.8,121.3,182.6,41.7,4.62,37.6,2.4,0.83,21.02,3.87,32.6,Poor
2024-04-02,14.6,160.7,6.9,147.0,49.8,20.8,4.5,70.6,18.6,11.09,6.29,6.76,401.7,Very Poor
2024-04-03,238.2,46.6,74.5,40.4,101.1,3.8,4.73,97.9,28.8,9.02,20.22,6.7,485.9,Severe
2024-04-04,440.7,391.6,131.2,112.6,192.6,39.4,2.16,46.4,197.3,0.05,19.34,7.92,451.5,Poor
2024-04-05,209.7,16.6,133.2,66.3,223.6,48.7,4.47,25.3,178.4,13.7,27.11,2.32,124.0,Severe
2024-04-06,72.1,424.4,45.6,56.3,72.6,5.1,0.82,63.0,94.6,6.2,4.69,1.49,262.7,Moderate
2024-04-07,57.7,78.9,136.8,61.8,161.3,16.8,6.08,46.9,144.9,5.14,5.08,4.28,327.8,Poor
2024-04-08,286.0,206.0,29.5,139.8,155.7,12.4,1.77,51.9,117.8,18.45,14.0,7.48,14.8,Satisfactory
2024-04-09,368.5,283.9,181.4,89.0,117.4,40.1,9.45,88.9,185.2,13.91,7.35,5.12,239.5,Very Poor
2024-04-10,443.1,231.9,64.1,35.0,55.9,35.7,1.67,4.1,116.1,7.05,3.27,2.88,382.7,Poor
2024-04-11,85.4,549.9,119.0,103.5,52.9,26.7,0.19,96.1,134.5,6.16,2.16,3.3,337.9,Good
2024-04-12,178.6,32.2,1.0,2.5,182.7,7.0,9.77,20.7,119.0,2.6,26.17,3.93,295.7,Poor
2024-04-13,116.1,476.7,45.9,12.7,13.2,31.4,1.03,23.2,104.2,4.88,18.62,6.95,72.3,Satisfactory
2024-04-14,375.2,101.8,15.6,124.1,60.0,19.7,9.2,72.5,51.4,1.08,22.9,6.0,438.1,Good
2024-04-15,323.4,303.5,179.8,53.3,68.4,36.7,6.71,61.1,172.5,16.74,19.93,1.98,262.9,Moderate
2024-04-16,355.1,210.5,168.5,78.2,198.2,23.7,4.66,78.9,192.5,16.86,7.31,0.56,470.6,Poor
2024-04-17,408.6,36.8,83.2,3.4,21.2,44.5,1.91,3.7,139.6,12.08,20.23,8.72,358.3,Satisfactory
2024-04-18,385.1,182.5,115.1,37.0,207.6,16.5,4.62,2.9,176.0,14.49,28.32,4.15,65.6,Very Poor
2024-04-19,311.2,14.3,51.7,122.7,179.5,34.3,1.06,24.5,161.7,11.15,24.93,2.48,125.9,Very Poor
2024-04-20,336.4,453.3,42.4,58.9,187.8,15.2,6.9,25.9,160.6,1.88,28.31,1.54,9.1,Severe
2024-04-21,205.3,381.9,90.0,12.5,91.6,13.1,2.48,98.0,156.1,17.42,1.76,2.18,15.9,Good
2024-04-22,52.7,520.1,123.5,91.4,202.0,47.1,5.25,74.9,109.6,0.79,7.85,8.98,41.2,Severe
2024-04-23,251.7,459.5,147.8,47.1,106.4,32.9,6.01,19.0,22.8,6.98,8.04,0.58,151.0,Very Poor
2024-04-24,58.3,264.6,108.8,69.8,49.9,14.0,9.02,26.3,18.1,12.5,20.68,3.58,353.0,Severe
2024-04-25,439.2,413.8,7.9,91.3,7.6,49.8,0.65,58.9,66.3,19.49,27.47,3.92,320.3,Very Poor
2024-04-26,208.0,171.2,48.4,103.9,95.5,4.0,2.64,9.5,38.1,3.22,7.74,2.14,308.5,Poor
2024-04-27,325.0,52.7,127.1,3.7,46.1,26.6,8.99,1.6,104.6,1.17,7.66,0.89,84.2,Moderate
2024-04-28,433.4,371.7,119.5,143.4,39.2,50.0,3.72,6.3,183.8,9.37,22.33,2.67,344.4,Moderate
2024-04-29,459.6,150.1,3.2,113.0,94.7,5.2,5.14,93.0,132.2,2.45,16.53,7.53,483.2,Very Poor
2024-04-30,347.4,581.7,8.1,129.6,14.2,45.3,4.35,99.0,91.3,4.49,23.64,8.4,178.7,Moderate
2024-05-01,212.3,407.9,11.5,100.6,164.1,32.3,1.12,77.2,9.4,9.87,15.65,0.65,3.3,Satisfactory
2024-05-02,141.2,358.4,46.4,55.6,60.0,49.4,9.28,75.1,0.1,9.04,14.79,4.7,201.2,Satisfactory
2024-05-03,1.3,214.3,12.8,67.6,148.4,48.8,3.57,79.4,106.0,4.22,13.71,3.15,168.0,Good
2024-05-04,406.8,230.4,99.0,126.1,11.9,2.1,0.53,79.5,105.5,10.55,8.43,1.17,328.8,Good
2024-05-05,471.3,149.5,32.6,145.4,52.8,48.2,3.84,34.4,0.2,10.11,15.86,6.4,169.3,Very Poor
2024-05-06,201.1,165.8,25.5,144.0,134.7,8.8,9.19,9.1,147.3,18.91,20.88,1.81,374.6,Satisfactory
2024-05-07,320.2,229.1,58.1,12.5,91.3,41.9,7.96,77.3,155.3,12.86,27.46,7.52,420.4,Good
2024-05-08,184.1,493.8,105.4,84.4,55.0,4.1,8.41,20.1,95.1,16.04,21.23,2.42,415.9,Very Poor
2024-05-09,290.6,170.0,78.3,131.4,116.7,35.4,8.69,87.0,180.8,0.04,14.34,9.95,274.8,Good
2024-05-10,408.0,102.7,36.3,57.8,49.0,18.6,6.93,43.3,127.9,1.07,25.42,0.01,62.5,Satisfactory
2024-05-11,239.2,550.7,157.0,40.2,180.1,26.3,4.94,57.5,14.0,15.85,28.33,5.64,493.8,Moderate
2024-05-12,452.8,425.2,117.3,21.3,119.7,21.5,7.85,62.7,190.4,4.95,19.51,0.57,334.7,Poor
2024-05-13,85.4,488.0,36.8,2.6,0.6,1.5,3.65,44.3,68.2,13.1,27.84,3.21,238.0,Good
2024-05-14,99.7,496.3,155.7,2.1,85.3,6.6,5.03,45.3,35.5,16.37,26.52,9.76,43.6,Poor
2024-05-15,131.9,541.1,19.1,101.3,177.7,33.0,8.17,85.3,189.4,5.18,14.04,8.14,103.7,Good
2024-05-16,340.7,4.0,176.1,49.8,196.8,4.2,2.96,15.5,47.8,15.89,20.86,8.99,415.5,Poor
2024-05-17,423.2,597.0,0.1,7.1,184.8,2.3,3.76,24.0,122.0,12.35,6.45,7.99,227.1,Poor
2024-05-18,113.6,78.5,7.8,77.9,160.8,38.9,7.23,43.0,156.0,15.58,26.87,8.45,254.9,Very Poor
2024-05-19,327.5,62.5,124.8,67.7,54.1,33.3,6.51,21.8,6.9,3.79,12.67,9.96,132.0,Severe
2024-05-20,179.1,20.6,104.0,30.4,111.7,6.4,3.03,17.1,132.6,10.52,10.85,0.85,375.2,Poor
2024-05-21,240.3,455.3,94.7,60.0,30.0,29.0,5.66,70.6,121.9,0.74,9.28,4.51,199.3,Poor
2024-05-22,99.6,446.5,181.9,137.7,75.8,18.8,5.72,11.3,102.6,11.57,2.14,1.42,366.9,Very Poor
2024-05-23,403.4,352.5,129.2,121.7,112.9,11.9,5.58,1.5,105.1,9.8,3.39,5.54,452.8,Satisfactory
2024-05-24,366.0,575.1,49.2,98.5,11.1,48.2,9.42,69.5,57.8,18.85,14.5,3.13,25.6,Very Poor
2024-05-25,47.8,44.5,125.5,92.3,179.8,46.3,0.54,57.5,197.2,12.76,23.06,4.57,415.5,Severe
2024-05-26,258.3,277.3,161.3,69.4,107.2,35.2,2.5,49.8,136.9,1.6,14.19,2.3,341.8,Satisfactory
2024-05-27,492.3,409.3,17.4,66.0,238.8,17.8,7.37,61.1,120.8,0.54,11.67,0.69,252.6,Poor
2024-05-28,186.1,318.1,120.2,6.7,74.6,39.3,9.28,28.7,134.9,16.27,20.2,6.01,43.6,Very Poor
2024-05-29,78.2,523.4,109.9,93.5,176.9,7.2,5.27,9.6,9.1,2.05,13.09,5.76,268.7,Satisfactory
2024-05-30,359.1,548.9,28.3,55.2,249.0,27.9,2.64,13.6,147.0,12.71,16.71,0.08,370.8,Good
2024-05-31,76.8,43.4,117.3,111.7,99.5,5.7,3.7,98.5,164.0,8.36,4.93,0.66,58.6,Severe
2024-06-01,149.6,550.7,88.4,125.5,22.4,23.8,8.02,67.0,162.7,8.71,23.18,9.21,426.1,Poor
2024-06-02,427.5,315.4,54.9,90.4,164.8,3.1,5.26,59.9,120.6,4.19,5.35,3.74,485.1,Severe
2024-06-03,254.2,230.4,31.9,111.5,102.3,18.5,1.78,74.3,85.1,12.92,6.82,3.27,267.9,Moderate
2024-06-04,361.8,158.9,113.8,105.5,165.6,8.7,1.71,6.3,196.4,9.23,11.48,2.79,189.2,Severe
2024-06-05,25.6,598.6,166.4,113.8,151.1,20.3,9.4,28.3,11.2,1.31,13.33,2.3,326.7,Poor
2024-06-06,97.0,403.7,170.0,99.0,133.2,40.6,2.23,74.5,81.8,8.93,13.73,9.02,275.3,Poor
2024-06-07,294.9,341.4,188.2,103.3,58.3,8.6,8.18,37.9,70.2,2.73,22.25,2.79,165.4,Poor
2024-06-08,346.0,551.8,172.3,10.6,144.3,21.6,1.54,71.2,191.4,3.22,15.57,1.7,289.6,Good
2024-06-09,162.7,215.3,187.5,89.5,223.5,7.2,4.21,44.8,122.5,10.48,1.06,8.19,342.1,Poor
2024-06-10,301.9,257.6,73.3,10.5,13.8,26.8,6.84,44.5,44.4,7.67,8.44,4.81,478.7,Moderate
2024-06-11,173.5,205.3,127.9,43.5,112.9,36.1,1.33,65.8,56.2,13.12,4.75,4.45,467.0,Moderate
2024-06-12,192.8,52.0,159.4,103.3,69.4,12.3,9.88,9.4,188.2,15.47,7.17,4.81,137.4,Severe
2024-06-13,372.1,31.0,6.4,139.0,130.8,37.2,4.5,80.2,194.8,17.68,6.28,2.48,323.2,Good
2024-06-14,392.3,47.4,109.6,63.1,8.6,9.5,9.56,4.8,142.7,3.89,23.11,7.88,295.5,Very Poor
2024-06-15,11.2,240.1,150.6,66.9,209.7,47.2,0.87,82.0,91.3,9.93,9.15,9.14,49.9,Moderate
2024-06-16,129.5,33.0,2.8,54.9,162.6,38.8,1.76,36.6,199.6,8.5,10.91,2.99,55.1,Severe
2024-06-17,459.8,333.6,41.0,54.5,69.1,17.9,5.34,71.5,16.7,6.58,13.23,9.01,131.3,Poor
2024-06-18,481.4,86.0,181.8,122.9,231.4,34.2,2.8,65.6,134.6,6.37,13.64,4.32,355.1,Very Poor
2024-06-19,13.0,196.3,63.7,79.9,138.5,29.0,0.45,0.9,20.3,13.37,18.02,5.91,279.6,Good
2024-06-20,213.6,476.8,15.7,19.9,209.3,34.9,0.79,32.0,189.9,2.95,29.46,5.36,311.2,Severe
2024-06-21,9.0,530.8,89.0,144.1,181.1,9.8,3.01,31.9,118.8,8.77,8.24,1.47,234.1,Satisfactory
2024-06-22,128.9,424.6,99.1,27.2,45.4,14.8,4.35,59.3,175.5,11.84,0.73,3.14,404.8,Moderate
2024-06-23,164.9,269.2,97.8,71.4,168.8,33.2,4.17,73.5,77.0,2.86,18.12,3.9,65.1,Very Poor
2024-06-24,34.8,125.2,119.5,121.0,193.2,20.8,8.3,48.6,184.0,8.81,2.46,3.03,262.5,Satisfactory
2024-06-25,266.1,103.1,89.9,141.4,14.7,6.3,5.45,40.7,14.6,0.01,21.3,6.09,25.8,Moderate
2024-06-26,361.7,550.8,83.5,17.0,8.4,4.6,3.62,19.9,1.4,10.83,25.59,9.45,353.7,Moderate
2024-06-27,478.4,278.0,178.6,15.2,187.8,33.2,1.15,85.2,97.4,1.2,14.43,7.05,294.4,Satisfactory
2024-06-28,15.3,116.0,154.6,20.2,91.0,12.0,7.15,57.8,5.5,17.4,1.26,8.18,450.6,Severe
2024-06-29,11.9,509.9,110.2,92.5,164.6,24.7,9.95,29.7,188.7,7.88,18.79,6.72,59.4,Severe
2024-06-30,15.6,81.7,4.3,12.2,248.3,24.5,4.95,69.5,77.0,7.92,29.31,4.11,497.9,Very Poor
2024-07-01,328.3,191.7,142.5,111.8,12.5,49.8,8.41,88.9,29.2,10.86,0.43,7.3,213.5,Good
2024-07-02,135.5,564.3,195.1,79.0,192.7,4.1,2.39,19.3,155.4,18.72,26.22,4.62,127.6,Poor
2024-07-03,247.9,415.7,43.8,20.3,206.4,11.9,8.51,1.9,175.8,6.49,26.94,8.64,56.8,Good
2024-07-04,388.7,343.1,37.5,21.9,205.2,15.6,4.07,10.9,48.4,12.58,14.62,3.7,64.0,Severe
2024-07-05,482.6,223.0,161.9,19.3,175.9,15.4,7.39,80.4,47.9,17.62,29.76,8.05,263.1,Good
2024-07-06,9.5,452.0,80.0,49.1,107.7,16.8,0.63,2.4,128.5,14.8,8.6,2.57,296.5,Poor
2024-07-07,379.7,238.2,120.1,100.8,181.6,35.7,0.81,78.9,21.4,1.54,8.65,0.69,295.3,Severe
2024-07-08,183.4,169.1,98.3,95.6,102.6,43.0,1.14,32.2,179.0,2.05,2.13,3.35,303.9,Moderate
2024-07-09,441.2,162.1,116.3,85.1,141.3,47.3,6.01,36.2,127.0,1.92,27.92,5.39,125.0,Satisfactory
2024-07-10,185.7,155.3,87.6,137.3,45.1,10.1,5.5,54.8,123.7,4.62,20.07,1.85,486.6,Poor
2024-07-11,488.0,135.6,86.5,119.4,12.8,45.3,0.92,64.1,37.3,5.22,18.27,7.3,293.9,Very Poor
2024-07-12,144.2,454.4,55.7,5.8,107.9,26.2,5.5,21.5,196.9,12.86,29.55,7.03,493.3,Severe
2024-07-13,473.0,294.8,87.3,131.2,150.8,12.4,4.93,73.9,173.6,12.19,15.8,6.01,217.7,Good
2024-07-14,152.4,271.4,124.3,102.8,29.6,3.2,8.35,47.0,136.2,16.31,12.19,7.78,199.7,Moderate
2024-07-15,394.2,173.8,11.1,47.7,206.2,37.9,2.44,73.2,94.6,10.31,2.57,6.56,437.4,Satisfactory
2024-07-16,244.2,547.0,193.5,43.7,114.5,6.1,6.04,45.7,168.9,0.63,1.83,2.08,484.8,Very Poor
2024-07-17,300.2,301.6,162.3,88.7,213.4,19.4,5.62,71.2,158.8,18.26,1.04,4.71,358.9,Poor
2024-07-18,35.9,581.2,191.4,61.3,97.8,29.0,8.47,44.0,109.1,8.56,27.67,5.92,143.5,Very Poor
2024-07-19,173.4,233.3,128.8,123.2,43.0,5.0,3.79,11.6,68.4,15.35,6.77,6.6,227.6,Moderate
2024-07-20,169.4,278.1,157.9,122.4,36.7,26.1,3.55,78.6,119.1,7.73,18.2,1.34,370.6,Poor
2024-07-21,231.4,501.2,138.8,15.7,135.6,28.2,5.42,4.2,139.9,19.71,26.6,8.34,19.5,Satisfactory
2024-07-22,34.6,263.1,45.6,57.5,149.0,20.9,6.24,58.4,184.7,6.15,5.06,5.83,163.8,Moderate
2024-07-23,11.9,290.1,30.4,43.1,191.6,49.8,8.87,10.3,79.3,3.66,22.7,1.03,280.1,Satisfactory
2024-07-24,421.3,359.1,106.7,6.8,28.5,46.3,0.62,82.1,26.2,17.66,7.97,0.96,97.0,Very Poor
2024-07-25,252.1,18.6,63.4,98.7,113.3,23.1,4.97,99.8,174.8,8.05,27.51,3.95,388.9,Satisfactory
2024-07-26,252.6,510.6,171.5,14.3,247.6,34.6,8.82,64.7,79.6,11.95,21.72,1.4,275.9,Good
2024-07-27,426.6,152.9,153.2,102.3,32.8,38.3,7.03,48.5,133.9,12.2,0.81,1.5,409.6,Very Poor
2024-07-28,134.5,188.8,113.8,63.6,199.9,28.2,4.85,62.7,47.6,1.74,16.24,7.47,335.6,Severe
2024-07-29,228.5,569.1,9.2,71.7,23.1,23.7,2.42,3.1,10.2,2.31,14.98,7.57,480.2,Severe
2024-07-30,98.8,94.0,131.9,41.7,207.0,11.6,7.63,29.0,23.9,7.96,21.66,2.52,61.7,Moderate
2024-07-31,426.5,319.9,158.7,144.0,94.9,33.9,1.21,90.7,101.7,7.42,8.63,0.64,435.8,Good
2024-08-01,69.6,169.1,199.8,17.9,120.5,3.7,5.17,1.1,86.3,10.73,9.38,7.48,346.9,Poor
2024-08-02,261.4,127.2,55.1,94.7,236.5,29.6,3.26,16.0,72.1,1.24,29.23,1.17,440.2,Moderate
2024-08-03,466.4,10.0,151.9,36.6,113.5,38.7,7.37,21.1,51.4,15.35,16.02,8.12,115.2,Satisfactory
2024-08-04,156.4,34.3,145.9,33.2,100.8,44.3,7.01,85.8,160.3,13.41,25.42,9.46,101.6,Very Poor
2024-08-05,260.6,155.9,17.5,137.6,148.7,26.2,6.09,1.4,49.1,7.98,3.13,2.54,396.4,Satisfactory
2024-08-06,370.8,164.1,155.3,80.2,5.4,30.7,9.51,78.8,37.8,12.42,28.55,2.96,453.2,Good
2024-08-07,481.2,70.3,75.6,144.0,159.5,17.8,0.25,76.6,7.2,6.5,10.78,1.78,345.6,Satisfactory
2024-08-08,403.1,520.7,166.1,48.3,201.2,48.6,2.66,54.5,45.5,0.08,0.41,3.99,481.5,Severe
2024-08-09,286.5,591.0,148.9,72.2,90.9,41.0,3.38,48.1,102.4,4.86,17.03,7.91,373.1,Poor
2024-08-10,320.9,406.4,189.0,115.2,98.4,42.7,2.64,4.5,179.7,8.86,9.11,0.49,489.7,Moderate
2024-08-11,38.2,492.3,186.6,109.6,209.1,42.5,0.98,4.3,37.3,18.98,16.72,3.59,101.5,Good
2024-08-12,490.8,539.5,59.3,60.8,103.6,7.4,6.1,99.7,80.8,1.97,22.36,7.72,361.8,Moderate
2024-08-13,90.3,268.1,20.7,109.8,89.1,40.9,5.87,36.2,39.0,9.91,13.4,0.92,431.5,Severe
2024-08-14,464.8,580.4,155.8,25.6,205.5,45.6,5.27,2.4,9.5,4.45,27.08,6.33,271.6,Satisfactory
2024-08-15,257.4,398.2,155.8,83.5,16.3,2.5,7.32,93.6,126.2,11.6,7.66,5.58,408.1,Severe
2024-08-16,42.3,39.8,181.5,43.7,11.3,16.1,3.25,78.8,139.0,19.11,21.73,5.43,111.7,Satisfactory
2024-08-17,244.1,65.1,89.5,132.2,217.5,32.0,6.31,91.8,157.7,2.7,23.64,0.38,125.1,Very Poor
2024-08-18,330.2,139.7,13.6,2.3,2.7,19.7,8.05,86.4,125.1,8.41,5.16,6.05,448.7,Poor
2024-08-19,118.8,463.9,85.1,132.6,135.3,48.0,3.63,11.3,34.9,12.86,14.17,3.2,392.5,Moderate
2024-08-20,395.2,139.4,127.7,2.3,30.9,47.5,1.53,15.5,137.3,1.95,22.58,0.33,41.1,Very Poor
2024-08-21,393.3,403.1,148.8,124.1,163.0,3.5,0.44,45.4,186.7,17.98,3.7,1.11,396.7,Severe
2024-08-22,199.3,499.2,100.4,30.9,82.4,35.1,0.41,38.4,62.4,16.47,24.65,9.24,406.2,Poor
2024-08-23,216.5,468.4,179.8,138.0,60.3,17.0,4.23,83.7,153.8,12.79,6.84,0.42,25.1,Satisfactory
2024-08-24,311.5,521.6,100.0,46.8,247.2,47.3,0.38,34.9,106.9,16.88,17.68,0.25,12.4,Poor
2024-08-25,274.2,438.2,171.9,93.0,195.5,15.3,0.1,2.2,149.3,3.3,18.44,1.74,495.9,Poor
2024-08-26,127.3,111.5,40.6,101.0,55.9,46.4,3.17,38.7,166.3,2.91,19.2,3.49,105.3,Severe
2024-08-27,371.8,347.1,68.0,36.9,184.1,30.5,0.63,69.9,27.0,0.58,20.56,2.73,293.1,Satisfactory
2024-08-28,443.2,410.6,98.4,120.8,33.5,1.8,1.24,13.2,107.0,15.67,28.61,9.69,166.6,Moderate
2024-08-29,173.1,150.1,186.4,33.9,89.8,35.5,3.27,45.2,1.4,11.87,29.82,2.43,56.0,Very Poor
2024-08-30,356.6,502.5,1.6,53.7,207.8,39.0,3.98,14.8,93.9,8.31,11.34,0.35,211.2,Good
2024-08-31,107.6,224.6,69.6,40.9,181.7,34.6,9.34,60.9,131.0,16.01,13.85,5.19,44.6,Severe
2024-09-01,124.6,591.9,170.2,128.9,30.6,20.1,3.93,55.6,24.5,10.88,8.69,8.12,457.7,Moderate
2024-09-02,157.2,394.9,166.0,149.0,49.4,14.9,6.72,20.0,5.1,19.37,1.74,8.71,86.3,Severe
2024-09-03,197.1,130.2,182.5,146.1,185.8,37.7,8.39,34.6,47.8,12.64,5.82,7.49,307.2,Poor
2024-09-04,407.6,351.3,194.4,136.3,231.0,38.9,1.68,35.5,68.0,9.92,26.12,3.59,133.4,Good
2024-09-05,99.5,176.8,26.8,99.5,144.4,18.7,8.09,15.7,153.1,15.26,29.98,6.84,435.5,Good
2024-09-06,389.7,352.9,125.8,49.0,225.7,27.7,1.52,55.2,153.7,2.8,10.16,8.03,92.3,Satisfactory
2024-09-07,97.1,129.6,157.0,11.4,198.4,11.9,1.86,93.9,126.6,0.09,24.44,6.3,318.6,Severe
2024-09-08,324.9,196.0,14.4,145.2,205.8,12.6,2.45,63.9,171.6,0.25,4.2,3.1,259.0,Good
2024-09-09,429.8,267.8,104.4,112.0,109.4,25.1,9.64,42.8,159.5,14.62,22.96,8.28,102.0,Satisfactory
2024-09-10,151.9,482.9,15.3,138.2,87.6,44.4,3.44,37.5,151.4,17.33,0.34,2.73,207.4,Satisfactory
2024-09-11,159.8,502.4,112.5,114.8,61.2,43.2,5.93,3.8,140.5,9.77,2.85,2.99,414.5,Very Poor
2024-09-12,197.2,240.3,32.7,144.8,146.1,48.7,8.61,48.6,192.9,9.61,26.54,7.27,372.4,Moderate
2024-09-13,455.0,252.6,74.9,10.7,3.9,28.8,9.21,74.5,193.2,19.09,9.35,0.61,313.4,Moderate
2024-09-14,335.3,348.1,35.9,74.0,75.1,5.1,3.53,9.3,160.0,13.82,25.24,2.12,185.7,Poor
2024-09-15,437.0,214.5,43.8,144.9,216.9,47.9,7.47,75.0,104.0,12.7,19.1,1.96,18.4,Severe
2024-09-16,23.3,459.1,58.1,53.8,172.3,33.5,2.04,56.6,123.2,13.39,19.5,3.33,79.4,Satisfactory
2024-09-17,255.6,365.3,199.6,72.4,113.6,4.2,1.59,65.1,94.4,16.65,28.99,8.47,251.3,Severe
2024-09-18,7.4,253.4,178.2,78.9,10.9,12.0,6.72,17.9,141.9,17.05,9.5,1.59,206.0,Satisfactory
2024-09-19,407.2,246.2,102.1,58.9,227.8,37.0,6.28,61.1,199.7,0.2,27.74,8.12,261.6,Severe
2024-09-20,200.8,273.0,103.3,121.9,143.2,2.1,2.53,49.1,134.8,19.89,28.8,0.19,384.8,Severe
2024-09-21,302.9,173.1,161.8,101.5,44.5,17.6,8.81,15.2,199.4,9.07,4.83,1.5,229.3,Satisfactory
2024-09-22,407.9,178.1,59.9,89.4,125.8,20.4,5.87,32.8,185.5,19.64,1.5,1.68,371.2,Poor
2024-09-23,52.6,475.6,187.9,23.5,12.0,2.0,9.85,94.4,139.0,9.2,16.96,2.05,431.6,Severe
2024-09-24,173.1,46.9,97.6,70.2,134.6,28.7,3.61,4.5,171.9,19.13,26.41,1.65,375.4,Satisfactory
2024-09-25,490.4,334.7,68.2,148.4,106.9,11.3,8.01,64.7,99.0,0.69,11.06,4.86,264.9,Severe
2024-09-26,134.8,105.8,139.5,122.7,211.3,17.5,0.29,63.2,32.2,5.49,7.21,3.07,117.8,Very Poor
2024-09-27,407.2,104.1,197.9,89.6,6.1,44.9,0.81,96.9,115.8,15.58,10.4,5.23,128.6,Satisfactory
2024-09-28,54.7,381.1,109.5,76.6,18.3,48.2,3.46,98.3,138.9,5.01,3.27,9.93,467.7,Severe
2024-09-29,189.4,37.6,165.8,112.6,194.5,6.7,4.81,75.8,139.9,9.33,16.01,5.06,283.7,Moderate
2024-09-30,346.8,46.3,119.9,83.6,197.3,2.4,5.42,75.9,22.5,8.84,1.93,0.39,414.9,Good
2024-10-01,316.0,203.0,23.8,79.8,12.6,48.0,8.8,97.9,152.7,3.37,22.87,0.06,37.7,Good
2024-10-02,230.8,178.8,8.7,39.2,249.2,13.8,1.93,24.2,170.4,1.12,1.32,0.17,109.3,Severe
2024-10-03,133.0,272.7,103.8,60.0,227.8,16.6,6.52,46.8,26.7,19.84,8.38,7.09,454.5,Very Poor
2024-10-04,210.4,166.0,139.5,95.5,118.8,48.8,3.25,11.2,138.2,4.98,5.93,8.46,397.8,Poor
2024-10-05,432.6,546.9,163.7,11.7,206.5,15.4,6.56,51.4,43.5,0.79,3.44,6.12,211.0,Good
2024-10-06,141.1,373.7,23.6,1.5,63.7,10.3,5.19,14.9,122.0,3.54,11.28,5.84,34.8,Good
2024-10-07,425.0,451.2,6.1,26.3,142.1,4.1,0.62,66.5,176.1,16.1,22.05,3.57,52.8,Good
2024-10-08,4.4,553.3,94.9,21.8,98.0,32.3,5.68,79.3,62.8,1.48,15.76,8.55,287.9,Good
2024-10-09,452.6,564.2,88.2,109.7,75.3,4.4,2.43,64.7,40.4,12.52,24.4,6.8,258.3,Severe
2024-10-10,49.6,257.0,78.3,109.2,148.9,4.1,0.69,24.0,177.0,9.13,20.14,7.89,63.3,Moderate
2024-10-11,478.3,9.1,154.4,24.1,146.1,10.5,4.31,47.7,35.6,15.61,27.93,1.43,116.0,Satisfactory
2024-10-12,385.4,189.8,188.1,136.0,137.8,32.4,6.4,27.4,10.1,11.64,14.55,9.25,229.0,Severe
2024-10-13,17.6,595.8,62.1,81.1,34.0,34.1,3.82,45.7,192.3,7.72,16.25,4.89,35.6,Poor
2024-10-14,273.4,319.6,51.6,4.9,51.4,41.8,1.38,36.7,28.8,18.44,18.38,4.1,21.7,Satisfactory
2024-10-15,456.1,551.5,21.9,115.6,107.0,3.0,7.14,49.8,80.6,5.96,8.14,1.69,467.2,Very Poor
2024-10-16,120.4,436.6,98.9,17.6,26.4,27.1,2.77,49.5,60.2,18.95,21.14,2.82,93.3,Very Poor
2024-10-17,335.5,304.3,78.7,40.6,33.6,27.2,9.15,5.9,175.1,1.05,24.07,1.3,178.2,Severe
2024-10-18,410.4,49.9,120.2,65.0,23.9,1.7,1.75,55.8,118.3,14.2,25.35,6.01,428.8,Satisfactory
2024-10-19,310.3,53.3,76.2,6.1,185.2,49.8,4.98,68.1,130.9,1.03,14.52,3.74,357.1,Poor
2024-10-20,291.1,416.4,82.1,77.5,232.6,36.4,9.11,4.8,189.9,14.57,7.64,1.95,313.3,Very Poor
2024-10-21,232.8,451.3,96.2,91.2,25.9,18.5,0.0,78.3,33.8,1.36,27.19,4.64,290.9,Satisfactory
2024-10-22,328.8,583.5,94.4,31.3,204.8,46.7,8.55,10.1,92.9,10.53,8.71,8.9,30.3,Moderate
2024-10-23,440.2,212.8,64.0,66.7,204.6,6.7,6.17,47.4,164.7,12.63,15.3,4.98,200.6,Moderate
2024-10-24,228.3,531.4,89.7,99.5,187.2,31.3,3.65,13.1,115.2,12.82,20.68,0.08,171.9,Poor
2024-10-25,258.0,458.8,56.1,39.7,214.2,49.5,1.75,25.8,74.6,17.31,1.74,5.29,278.3,Poor
2024-10-26,77.3,122.1,189.6,58.7,207.7,39.0,2.66,52.7,10.0,14.89,23.76,0.47,112.7,Moderate
2024-10-27,278.7,172.0,80.5,78.2,232.8,13.0,6.36,77.2,19.8,8.99,3.19,8.07,34.0,Very Poor
2024-10-28,367.2,18.3,94.3,129.1,221.2,29.4,8.18,47.8,168.6,19.22,5.65,2.49,99.1,Severe
2024-10-29,471.7,578.6,98.4,48.3,159.8,22.6,5.55,91.2,144.4,13.31,10.02,6.48,165.2,Satisfactory
2024-10-30,392.9,573.1,93.8,19.1,110.6,7.5,5.82,93.7,87.5,11.01,9.56,2.65,246.2,Good
2024-10-31,425.0,131.1,99.9,80.2,155.6,18.8,8.29,85.7,110.0,14.42,22.76,7.8,285.1,Severe
2024-11-01,117.6,561.1,87.7,136.1,13.5,22.3,9.29,21.5,157.6,12.7,9.36,0.55,65.0,Very Poor
2024-11-02,131.4,498.0,84.6,140.8,214.1,36.6,7.39,38.2,191.4,9.17,12.98,5.52,441.6,Severe
2024-11-03,461.5,297.8,186.0,136.3,236.3,17.9,1.9,43.4,136.8,3.54,1.99,3.27,66.7,Very Poor
2024-11-04,79.6,444.0,174.7,12.9,133.5,15.7,5.59,63.2,87.7,0.98,25.03,9.3,425.1,Severe
2024-11-05,161.8,524.7,13.1,92.8,185.7,29.0,2.71,29.0,39.1,17.49,19.21,0.46,120.9,Poor
2024-11-06,3.8,308.1,18.2,76.8,70.3,28.9,1.2,70.9,196.4,4.83,24.83,7.78,287.3,Very Poor
2024-11-07,56.7,375.8,153.3,73.6,106.9,43.5,5.0,59.5,153.8,5.9,4.55,8.17,145.8,Poor
2024-11-08,47.7,373.4,1.3,57.8,172.3,10.7,9.17,85.3,181.6,5.35,23.08,4.29,349.3,Moderate
2024-11-09,281.5,229.5,156.1,43.4,207.0,44.5,4.35,81.1,65.6,12.09,1.65,7.02,328.3,Moderate
2024-11-10,127.3,108.5,111.1,41.6,15.9,46.0,1.22,6.4,92.3,19.2,11.38,4.87,390.0,Poor
2024-11-11,82.9,218.4,29.9,59.0,9.3,28.8,9.97,99.0,132.2,13.4,5.73,5.26,399.7,Moderate
2024-11-12,117.9,498.6,48.0,110.0,101.0,38.0,3.88,17.9,174.6,5.9,26.36,4.01,81.0,Severe
2024-11-13,492.3,411.6,96.5,141.9,217.1,45.6,4.76,87.4,170.5,12.47,21.95,3.44,61.6,Poor
2024-11-14,180.3,31.7,123.1,96.8,243.3,4.2,5.88,64.6,82.1,18.5,20.4,6.52,352.1,Good
2024-11-15,161.0,117.9,157.1,30.5,176.4,11.3,2.94,20.6,37.0,10.67,29.46,7.28,480.2,Moderate
2024-11-16,36.2,12.3,31.1,124.4,222.4,44.4,1.01,79.3,110.9,3.94,21.94,7.38,173.0,Poor
2024-11-17,182.5,323.2,82.6,48.0,188.6,36.5,3.16,9.6,69.9,4.36,16.45,3.44,172.2,Severe
2024-11-18,22.2,294.9,193.2,77.9,44.5,5.4,8.54,98.1,152.2,18.33,20.56,2.5,142.6,Poor
2024-11-19,158.6,296.2,175.0,78.0,179.2,45.8,2.26,6.1,189.5,15.07,27.92,4.28,215.4,Very Poor
2024-11-20,132.7,155.5,100.0,104.8,90.7,21.8,1.07,38.1,12.2,18.02,27.38,8.66,244.4,Severe
2024-11-21,317.8,299.2,167.2,52.4,215.0,37.6,6.1,90.6,101.6,13.93,18.48,0.59,205.5,Severe
2024-11-22,404.9,384.1,117.9,74.7,244.3,9.8,1.45,35.9,125.4,6.9,27.57,5.46,463.0,Poor
2024-11-23,478.3,181.6,127.8,54.4,129.5,37.8,5.36,37.8,84.9,5.24,11.75,9.94,309.0,Good
2024-11-24,123.6,564.4,147.0,97.6,138.0,19.8,7.1,0.6,118.5,6.22,13.17,2.91,404.2,Severe
2024-11-25,120.2,285.9,27.5,24.2,160.3,35.6,4.48,73.0,100.3,16.24,13.03,2.67,105.5,Moderate
2024-11-26,186.9,239.2,90.3,8.4,15.0,22.8,5.3,26.0,132.4,5.28,25.35,3.42,395.9,Satisfactory
2024-11-27,133.9,388.4,111.4,147.1,23.3,27.0,0.42,31.5,82.0,9.52,18.44,9.31,353.7,Severe
2024-11-28,409.3,88.3,51.0,130.5,204.6,48.6,8.91,19.9,123.1,9.84,8.21,0.33,278.9,Good
2024-11-29,168.4,490.0,28.4,131.6,80.2,35.8,4.08,81.7,32.4,7.99,0.78,4.5,292.6,Severe
2024-11-30,308.5,400.4,197.7,18.6,183.1,30.3,9.93,38.2,158.0,19.11,22.51,6.17,322.3,Very Poor
2024-12-01,222.7,19.5,124.9,68.7,133.8,48.7,1.55,70.2,100.8,19.27,21.2,1.75,41.4,Moderate
2024-12-02,231.5,207.5,156.4,57.7,175.3,19.3,1.04,92.5,152.4,14.78,26.21,6.82,71.0,Poor
2024-12-03,39.9,194.2,192.5,132.5,41.1,32.1,4.94,67.2,183.6,7.22,26.18,1.84,492.4,Satisfactory
2024-12-04,15.1,115.1,1.4,12.8,232.0,44.7,2.48,79.7,187.2,1.63,8.47,2.86,497.9,Satisfactory
2024-12-05,30.8,195.2,31.6,119.6,104.9,31.4,4.6,29.5,131.2,17.14,10.69,9.53,91.2,Good
2024-12-06,277.0,140.0,156.1,105.1,153.0,43.0,1.45,54.4,27.9,19.09,22.41,0.2,442.3,Poor
2024-12-07,257.3,99.0,148.1,145.2,63.5,26.6,8.07,79.2,88.4,8.18,14.02,7.42,91.9,Poor
2024-12-08,374.7,372.8,163.7,145.5,52.3,28.0,7.47,85.5,74.0,16.44,8.35,6.25,383.2,Poor
2024-12-09,332.0,294.6,184.2,148.3,138.7,37.6,3.59,51.0,29.0,18.09,2.12,8.5,60.9,Poor
2024-12-10,121.7,124.5,177.1,72.5,98.4,31.3,6.05,66.1,183.6,4.46,18.74,2.71,142.2,Poor
2024-12-11,15.6,123.6,186.1,139.4,225.6,28.5,9.84,29.9,60.0,19.27,26.34,6.17,322.6,Severe
2024-12-12,326.4,438.9,27.3,87.2,37.1,43.3,5.66,42.4,139.6,6.33,8.28,7.96,469.2,Satisfactory
2024-12-13,79.3,387.1,41.3,111.3,28.8,11.0,2.05,59.4,84.3,5.96,19.65,2.63,105.5,Very Poor
2024-12-14,465.9,102.5,86.3,75.0,35.2,30.2,4.72,19.5,190.9,9.86,4.94,4.13,214.6,Very Poor
2024-12-15,365.2,317.7,8.1,122.3,116.2,21.0,5.39,37.6,38.6,10.93,22.49,9.8,160.4,Poor
2024-12-16,153.3,114.7,131.2,50.5,232.1,14.8,1.13,31.9,85.5,6.21,8.76,9.31,184.3,Satisfactory
2024-12-17,194.0,360.3,59.8,48.6,54.8,48.1,3.57,41.8,118.9,0.09,18.92,6.13,450.6,Poor
2024-12-18,252.9,32.0,36.8,79.0,0.6,47.4,9.7,87.5,167.1,17.03,13.66,8.28,5.8,Severe
2024-12-19,90.8,360.6,149.6,106.1,110.2,43.6,7.62,27.2,35.8,14.02,23.18,8.87,125.1,Severe
2024-12-20,41.1,236.1,179.8,63.3,11.9,27.2,5.8,90.3,163.9,19.79,21.92,4.15,251.5,Poor
2024-12-21,92.8,391.6,52.4,58.9,230.6,44.1,5.24,92.8,48.3,9.15,20.55,4.74,405.2,Severe
2024-12-22,228.6,235.0,196.9,16.8,94.2,9.2,4.13,8.5,3.5,19.69,1.39,2.03,101.5,Satisfactory
2024-12-23,391.9,90.1,84.6,142.7,113.2,19.8,1.22,49.8,77.6,7.77,1.19,4.69,190.3,Severe
2024-12-24,263.4,219.3,20.8,133.1,133.4,1.9,7.37,32.1,35.5,2.0,11.56,6.84,421.3,Very Poor
2024-12-25,450.6,333.4,110.5,144.7,210.9,32.4,5.84,93.2,26.9,0.72,7.35,2.32,406.0,Poor
2024-12-26,249.8,303.4,14.2,144.3,32.4,29.4,8.35,28.3,185.8,14.57,28.83,0.87,215.1,Severe
2024-12-27,319.0,527.9,85.2,54.3,240.6,24.0,7.45,7.0,156.0,2.14,29.11,6.1,53.7,Satisfactory
2024-12-28,377.0,567.7,89.8,93.8,199.5,13.2,0.66,18.4,187.7,17.82,6.96,9.25,364.0,Severe
2024-12-29,70.4,96.5,81.7,125.6,131.3,27.2,1.2,6.6,4.4,8.6,10.23,1.46,83.1,Poor
2024-12-30,85.7,338.0,158.3,49.6,78.1,26.6,9.73,88.4,2.7,7.31,26.75,8.08,478.9,Moderate
2024-12-31,371.2,61.7,14.6,130.7,159.1,45.9,7.02,76.4,40.0,7.99,5.71,0.36,61.5,Poor
